X,Y,Z,Label
396046.504,3988349.134,1880.638,1880.638
396044.684,3988344.134,1881.467,1881.467
396043.311,3988336.747,1881.693,1881.693
396040.637,3988331.660,1882.023,1882.023
396037.126,3988322.134,1882.731,1882.731
396052.935,3988354.372,1883.414,1883.414
396059.457,3988375.908,1883.757,1883.757
396047.864,3988340.188,1883.783,1883.783
396049.878,3988344.778,1883.943,1883.943
396057.275,3988359.548,1884.303,1884.303
396043.096,3988326.921,1884.573,1884.573
396048.059,3988335.113,1885.676,1885.676
396060.277,3988363.632,1886.057,1886.057
396054.664,3988347.715,1886.093,1886.093
396059.727,3988354.858,1887.388,1887.388
396049.658,3988329.043,1887.973,1887.973
396064.203,3988369.440,1888.083,1888.083
396055.140,3988342.553,1888.128,1888.128
396066.168,3988374.681,1888.176,1888.176
396053.598,3988332.189,1888.229,1888.229
396054.109,3988337.519,1888.367,1888.367
396043.483,3988316.445,1888.403,1888.403
396039.184,3988310.539,1888.408,1888.408
396039.825,3988301.097,1889.363,1889.363
396047.277,3988319.896,1889.638,1889.638
396040.851,3988294.512,1890.274,1890.274
396051.837,3988324.388,1890.626,1890.626
396061.445,3988345.791,1890.857,1890.857
396045.131,3988311.509,1890.901,1890.901
396068.417,3988366.580,1891.243,1891.243
396060.040,3988340.576,1891.327,1891.327
396044.072,3988298.446,1891.588,1891.588
396067.448,3988356.933,1891.594,1891.594
396071.815,3988375.786,1892.032,1892.032
396073.770,3988389.062,1892.087,1892.087
396043.492,3988304.873,1892.210,1892.210
396058.632,3988331.213,1892.366,1892.366
396069.429,3988361.645,1892.410,1892.410
396061.280,3988335.692,1893.005,1893.005
396067.236,3988350.777,1893.185,1893.185
396040.213,3988288.013,1893.256,1893.256
396057.052,3988326.396,1893.272,1893.272
396044.918,3988291.261,1893.541,1893.541
396052.013,3988316.095,1893.570,1893.570
396023.107,3988261.823,1893.611,1893.611
396023.809,3988253.740,1893.972,1893.972
396030.602,3988028.327,1894.160,1894.160
396079.373,3988405.115,1894.230,1894.230
396073.095,3988370.373,1894.309,1894.309
396066.244,3988343.032,1894.634,1894.634
396048.105,3988295.238,1894.716,1894.716
396024.499,3988102.973,1894.898,1894.898
396073.466,3988365.312,1895.165,1895.165
396049.816,3988308.264,1896.137,1896.137
396057.211,3988321.019,1896.206,1896.206
396080.454,3988423.119,1896.319,1896.319
396007.936,3988206.260,1896.472,1896.472
396067.789,3988338.272,1896.579,1896.579
396009.582,3988177.277,1896.677,1896.677
396084.868,3988403.385,1896.788,1896.788
396038.872,3988025.565,1896.935,1896.935
396029.378,3988104.049,1897.088,1897.088
396009.777,3988201.492,1897.098,1897.098
396065.916,3988333.272,1897.110,1897.110
396074.302,3988360.267,1897.197,1897.197
396029.838,3988104.499,1897.436,1897.436
396070.370,3988346.781,1897.574,1897.574
396044.190,3988284.785,1897.600,1897.600
396048.570,3988301.532,1897.978,1897.978
396073.447,3988355.083,1898.003,1898.003
396011.143,3988196.645,1898.078,1898.078
396043.642,3988022.792,1898.082,1898.082
396071.315,3988341.835,1898.107,1898.107
396077.623,3988373.249,1898.291,1898.291
396061.789,3988323.975,1898.451,1898.451
396038.717,3988007.663,1898.764,1898.764
396028.633,3988255.428,1898.807,1898.807
396029.505,3988053.511,1898.886,1898.886
396082.878,3988390.732,1898.928,1898.928
396078.462,3988368.186,1899.034,1899.034
396013.065,3988191.860,1899.186,1899.186
396042.040,3988029.538,1899.249,1899.249
396027.851,3988067.819,1899.302,1899.302
396081.862,3988385.783,1899.321,1899.321
396029.555,3988063.044,1899.324,1899.324
396025.279,3988090.316,1899.450,1899.450
396084.420,3988417.477,1899.558,1899.558
396032.728,3988100.365,1899.560,1899.560
396065.178,3988328.060,1899.640,1899.640
396046.812,3988027.221,1899.717,1899.717
396080.495,3988377.547,1899.738,1899.738
396085.450,3988422.454,1899.919,1899.919
396058.099,3988314.476,1900.027,1900.027
396055.864,3988309.883,1900.059,1900.059
396013.679,3988186.504,1900.397,1900.397
396078.825,3988363.081,1900.467,1900.467
396072.299,3988334.547,1900.613,1900.613
396074.469,3988350.082,1900.682,1900.682
396048.608,3988022.035,1900.896,1900.896
396014.558,3988146.994,1901.091,1901.091
396086.945,3988395.078,1901.682,1901.682
396075.395,3988338.733,1901.730,1901.730
396053.164,3988298.687,1902.168,1902.168
396048.959,3988031.931,1902.259,1902.259
396015.958,3988180.029,1902.285,1902.285
396053.037,3988290.113,1902.336,1902.336
396078.809,3988358.040,1902.341,1902.341
396043.489,3988034.329,1902.365,1902.365
396055.164,3988303.435,1902.396,1902.396
396070.037,3988330.011,1902.409,1902.409
396031.341,3988248.898,1902.660,1902.660
396030.608,3988271.940,1902.709,1902.709
396062.288,3988317.382,1902.737,1902.737
396076.007,3988345.123,1902.903,1902.903
396054.108,3988020.922,1902.914,1902.914
396032.153,3988041.471,1902.972,1902.972
396066.016,3988320.893,1903.004,1903.004
396082.631,3988371.265,1903.297,1903.297
396015.531,3988174.769,1903.415,1903.415
396086.926,3988427.326,1903.628,1903.628
396022.727,3988227.155,1903.962,1903.962
396086.599,3988381.657,1904.062,1904.062
396090.404,3988423.677,1904.221,1904.221
396085.522,3988376.060,1904.310,1904.310
396027.932,3988237.469,1904.386,1904.386
396087.675,3988387.962,1904.580,1904.580
396015.788,3988207.168,1904.623,1904.623
396018.481,3988170.149,1904.653,1904.653
396052.998,3988027.908,1904.680,1904.680
396047.861,3988002.749,1904.690,1904.690
396080.155,3988353.146,1904.776,1904.776
396089.802,3988411.163,1904.781,1904.781
396083.610,3988365.426,1904.810,1904.810
396021.856,3988120.777,1905.090,1905.090
396058.504,3988024.511,1905.230,1905.230
396063.186,3988021.504,1905.330,1905.330
396080.155,3988342.224,1905.474,1905.474
396078.016,3988332.375,1905.536,1905.536
396039.288,3988104.555,1905.560,1905.560
396019.094,3988165.151,1905.587,1905.587
396060.875,3988308.051,1905.597,1905.597
396032.936,3988262.342,1905.642,1905.642
396058.800,3988299.803,1905.677,1905.677
396091.195,3988392.305,1905.678,1905.678
396080.389,3988336.940,1905.691,1905.691
396056.714,3988294.931,1905.755,1905.755
396069.734,3988324.760,1905.829,1905.829
396039.904,3988038.237,1905.909,1905.909
396048.173,3988010.287,1906.193,1906.193
396019.264,3988191.864,1906.232,1906.232
396034.148,3988268.039,1906.354,1906.354
396036.267,3988278.919,1906.555,1906.555
396052.810,3988035.227,1906.566,1906.566
396037.167,3988042.663,1906.654,1906.654
396042.292,3988109.417,1906.688,1906.688
396019.586,3988159.787,1906.752,1906.752
396037.653,3988111.448,1906.765,1906.765
396047.870,3988037.640,1906.797,1906.797
396064.256,3988311.909,1906.838,1906.838
396068.390,3988316.283,1906.862,1906.862
396035.412,3988251.924,1907.010,1907.010
396035.471,3988053.437,1907.045,1907.045
396031.704,3988084.142,1907.076,1907.076
396036.843,3988063.241,1907.178,1907.178
396035.648,3988257.498,1907.381,1907.381
396074.843,3988327.989,1907.444,1907.444
396065.440,3988026.253,1907.531,1907.531
396020.603,3988154.880,1907.704,1907.704
396080.526,3988348.017,1907.787,1907.787
396033.553,3988115.166,1908.150,1908.150
396087.663,3988369.508,1908.248,1908.248
396036.430,3988273.835,1908.384,1908.384
396056.918,3988032.160,1908.471,1908.471
396085.968,3988360.677,1908.573,1908.573
396063.204,3988303.421,1908.620,1908.620
396090.847,3988433.638,1908.634,1908.634
396053.786,3988013.579,1908.653,1908.653
396061.225,3988016.600,1908.669,1908.669
396032.411,3988234.811,1908.798,1908.798
396094.072,3988404.965,1908.826,1908.826
396069.268,3988017.546,1908.827,1908.827
396051.321,3988113.901,1908.978,1908.978
396069.257,3988022.629,1908.984,1908.984
396021.534,3988149.503,1909.021,1909.021
396091.012,3988373.586,1909.217,1909.217
396062.300,3988295.681,1909.245,1909.245
396019.007,3988131.818,1909.313,1909.313
396094.322,3988413.388,1909.347,1909.347
396084.897,3988340.249,1909.348,1909.348
396030.150,3988121.100,1909.399,1909.399
396093.859,3988399.667,1909.399,1909.399
396022.146,3988211.680,1909.466,1909.466
396061.796,3988029.841,1909.505,1909.505
396021.360,3988204.960,1909.527,1909.527
396037.655,3988264.179,1909.542,1909.542
396084.804,3988355.730,1909.670,1909.670
396072.007,3988320.127,1909.676,1909.676
396029.644,3988225.171,1909.683,1909.683
396058.967,3988290.439,1909.684,1909.684
396024.514,3988216.573,1909.708,1909.708
396075.347,3987990.429,1909.753,1909.753
396022.755,3988144.342,1909.842,1909.842
396092.069,3988384.565,1909.858,1909.858
396073.314,3987990.868,1909.864,1909.864
396037.003,3988242.776,1910.018,1910.018
396042.249,3988100.152,1910.066,1910.066
396038.175,3988048.072,1910.126,1910.126
396053.771,3988008.555,1910.131,1910.131
396041.728,3988094.644,1910.142,1910.142
396047.613,3988107.251,1910.169,1910.169
396089.689,3988364.806,1910.183,1910.183
396021.722,3988199.817,1910.261,1910.261
396024.170,3988139.520,1910.511,1910.511
396038.800,3988247.872,1910.796,1910.796
396047.300,3988117.153,1910.837,1910.837
396039.241,3988269.321,1910.983,1910.983
396092.334,3988378.675,1911.040,1911.040
396086.017,3988335.331,1911.129,1911.129
396075.835,3987986.170,1911.186,1911.186
396041.950,3988044.174,1911.198,1911.198
396052.433,3988108.625,1911.218,1911.218
396058.367,3987999.880,1911.333,1911.333
396080.227,3987988.701,1911.417,1911.417
396078.228,3987993.906,1911.427,1911.427
396098.071,3988417.924,1911.435,1911.435
396023.266,3988134.560,1911.463,1911.463
396085.447,3988350.502,1911.528,1911.528
396034.750,3988230.250,1911.728,1911.728
396067.431,3988306.767,1911.731,1911.731
396097.557,3988423.119,1911.762,1911.762
396074.644,3988013.977,1911.765,1911.765
396037.281,3988237.504,1911.766,1911.766
396074.109,3988019.027,1911.834,1911.834
396083.412,3988330.301,1911.885,1911.885
396041.252,3988275.395,1911.951,1911.951
396095.772,3988395.010,1911.956,1911.956
396039.435,3988117.295,1911.979,1911.979
396040.346,3988254.271,1912.001,1912.001
396084.967,3988345.298,1912.007,1912.007
396025.320,3988192.783,1912.031,1912.031
396097.155,3988409.076,1912.040,1912.040
396040.522,3988259.643,1912.096,1912.096
396083.348,3987992.647,1912.106,1912.106
396070.548,3988311.332,1912.527,1912.527
396058.512,3988010.297,1912.666,1912.666
396049.192,3988042.545,1912.778,1912.778
396028.072,3988125.736,1912.827,1912.827
396081.089,3988012.160,1912.849,1912.849
396040.363,3988086.670,1912.960,1912.960
396045.406,3988091.191,1913.106,1913.106
396037.937,3988082.174,1913.150,1913.150
396076.752,3988322.257,1913.191,1913.191
396039.259,3988068.164,1913.211,1913.211
396042.146,3988063.679,1913.230,1913.230
396059.852,3988037.148,1913.236,1913.236
396055.371,3988040.402,1913.267,1913.267
396078.919,3988017.185,1913.295,1913.295
396082.028,3987997.844,1913.315,1913.315
396090.448,3988358.448,1913.405,1913.405
396047.749,3988099.039,1913.435,1913.435
396075.252,3988315.928,1913.506,1913.506
396060.073,3988005.253,1913.602,1913.602
396097.067,3988389.187,1913.745,1913.745
396083.922,3988017.929,1913.786,1913.786
396067.904,3988030.711,1913.811,1913.811
396045.620,3988059.941,1913.852,1913.852
396093.641,3988368.714,1913.870,1913.870
396080.501,3988325.986,1913.972,1913.972
396045.351,3988278.798,1914.108,1914.108
396072.570,3988028.087,1914.122,1914.122
396042.614,3988051.375,1914.122,1914.122
396034.128,3988124.406,1914.136,1914.136
396075.381,3988023.944,1914.251,1914.251
396065.296,3988291.228,1914.312,1914.312
396026.989,3988207.015,1914.423,1914.423
396026.605,3988197.967,1914.456,1914.456
396098.916,3988402.605,1914.496,1914.496
396064.491,3988034.488,1914.501,1914.501
396101.085,3988412.486,1914.545,1914.545
396089.718,3988353.258,1914.547,1914.547
396039.136,3988073.352,1914.615,1914.615
396084.701,3988006.789,1914.618,1914.618
396031.970,3988218.909,1914.633,1914.633
396038.688,3988122.312,1914.668,1914.668
396086.169,3988013.005,1914.742,1914.742
396064.121,3988008.675,1914.769,1914.769
396087.614,3987996.578,1914.841,1914.841
396064.334,3988001.734,1914.943,1914.943
396094.161,3988362.014,1915.061,1915.061
396104.822,3988416.380,1915.104,1915.104
396066.968,3988013.075,1915.131,1915.131
396043.548,3988120.577,1915.138,1915.138
396053.003,3988119.754,1915.290,1915.290
396095.992,3988374.398,1915.294,1915.294
396048.678,3988122.344,1915.302,1915.302
396103.333,3988421.594,1915.421,1915.421
396097.232,3988381.188,1915.431,1915.431
396044.246,3988267.297,1915.467,1915.467
396026.827,3988185.624,1915.492,1915.492
396045.700,3988272.604,1915.541,1915.541
396100.425,3988431.658,1915.559,1915.559
396062.695,3988286.927,1915.644,1915.644
396046.128,3988047.565,1915.718,1915.718
396043.955,3988250.160,1915.879,1915.879
396045.410,3988262.051,1915.927,1915.927
396101.761,3988436.514,1916.018,1916.018
396026.767,3988161.392,1916.019,1916.019
396057.342,3988117.082,1916.067,1916.067
396071.089,3988302.739,1916.074,1916.074
396041.000,3988078.176,1916.159,1916.159
396043.289,3988245.201,1916.166,1916.166
396069.303,3988295.453,1916.200,1916.200
396026.802,3988166.636,1916.200,1916.200
396102.460,3988444.705,1916.209,1916.209
396090.133,3988004.472,1916.214,1916.214
396070.144,3988000.787,1916.239,1916.239
396072.019,3988009.388,1916.306,1916.306
396031.913,3988129.571,1916.334,1916.334
396085.522,3988001.556,1916.345,1916.345
396104.142,3988457.932,1916.359,1916.359
396077.094,3988008.849,1916.388,1916.388
396090.325,3988348.020,1916.424,1916.424
396029.190,3988140.943,1916.441,1916.441
396090.356,3987992.316,1916.475,1916.475
396101.372,3988426.713,1916.491,1916.491
396094.956,3988008.354,1916.528,1916.528
396089.996,3988331.922,1916.596,1916.596
396073.861,3988307.364,1916.607,1916.607
396081.085,3988318.799,1916.663,1916.663
396045.491,3988256.479,1916.694,1916.694
396027.849,3988153.785,1916.715,1916.715
396080.591,3988022.068,1916.775,1916.775
396029.619,3988202.382,1916.907,1916.907
396052.884,3988101.880,1916.990,1916.990
396050.791,3988094.864,1916.993,1916.993
396037.417,3988222.041,1917.055,1917.055
396056.009,3988124.440,1917.167,1917.167
396061.339,3988121.934,1917.217,1917.217
396031.089,3988211.879,1917.282,1917.282
396062.050,3988114.534,1917.303,1917.303
396089.173,3988019.233,1917.361,1917.361
396049.936,3988056.708,1917.438,1917.438
396085.020,3988322.626,1917.458,1917.458
396041.442,3988232.003,1917.481,1917.481
396053.187,3988046.436,1917.632,1917.632
396067.934,3988005.412,1917.664,1917.664
396102.900,3988406.814,1917.731,1917.731
396050.752,3988061.773,1917.787,1917.787
396065.401,3988118.610,1917.809,1917.809
396090.992,3988337.855,1917.835,1917.835
396077.238,3988311.123,1917.914,1917.914
396089.740,3988342.901,1917.919,1917.919
396100.990,3988386.038,1917.977,1917.977
396073.866,3988004.424,1917.986,1917.986
396068.505,3988039.003,1918.082,1918.082
396101.696,3988395.148,1918.095,1918.095
396080.047,3988004.431,1918.127,1918.127
396085.946,3988023.096,1918.128,1918.128
396100.334,3988376.967,1918.147,1918.147
396059.466,3988109.834,1918.148,1918.148
396092.101,3987999.564,1918.160,1918.160
396045.840,3988082.028,1918.186,1918.186
396050.699,3988051.285,1918.257,1918.257
396073.536,3988298.250,1918.264,1918.264
396071.634,3988034.919,1918.282,1918.282
396070.440,3988290.438,1918.303,1918.303
396028.483,3988180.684,1918.327,1918.327
396049.753,3988275.617,1918.340,1918.340
396029.779,3988134.246,1918.350,1918.350
396087.522,3988327.044,1918.385,1918.385
396099.747,3988370.530,1918.418,1918.418
396046.972,3988065.226,1918.516,1918.516
396043.991,3988070.087,1918.564,1918.564
396045.608,3988074.974,1918.782,1918.782
396075.648,3988005.384,1918.785,1918.785
396053.015,3988280.355,1918.807,1918.807
396091.169,3988014.411,1918.885,1918.885
396036.905,3988128.717,1918.926,1918.926
396103.870,3988399.994,1919.008,1919.008
396066.750,3988123.950,1919.034,1919.034
396031.290,3988193.749,1919.112,1919.112
396095.419,3988356.306,1919.141,1919.141
396062.276,3988126.847,1919.146,1919.146
396097.861,3988365.678,1919.147,1919.147
396055.551,3988096.994,1919.241,1919.241
396057.666,3988104.053,1919.252,1919.252
396055.236,3988057.679,1919.282,1919.282
396094.765,3988351.318,1919.446,1919.446
396046.756,3988241.275,1919.827,1919.827
396049.990,3988259.432,1919.853,1919.853
396031.434,3988148.031,1919.963,1919.963
396095.552,3988003.228,1919.988,1919.988
396050.706,3988264.486,1920.006,1920.006
396109.402,3988413.701,1920.051,1920.051
396100.976,3988010.060,1920.081,1920.081
396080.312,3988027.118,1920.166,1920.166
396058.844,3988045.418,1920.250,1920.250
396096.013,3988018.319,1920.288,1920.288
396094.206,3988023.036,1920.289,1920.289
396096.792,3988013.046,1920.331,1920.331
396095.230,3988346.337,1920.484,1920.484
396052.378,3988090.111,1920.529,1920.529
396053.723,3988128.987,1920.569,1920.569
396076.332,3988033.157,1920.662,1920.662
396105.949,3988384.500,1920.719,1920.719
396055.751,3988063.502,1920.724,1920.724
396050.992,3988269.513,1920.753,1920.753
396084.298,3988314.788,1920.755,1920.755
396048.156,3988128.108,1920.804,1920.804
396094.902,3987995.284,1920.930,1920.930
396090.150,3988026.099,1920.936,1920.936
396077.948,3988300.916,1921.032,1921.032
396043.497,3988226.648,1921.108,1921.108
396063.531,3988042.683,1921.132,1921.132
396105.347,3988390.074,1921.232,1921.232
396048.700,3988246.036,1921.253,1921.253
396079.686,3988306.359,1921.306,1921.306
396050.096,3988254.136,1921.330,1921.330
396035.538,3988134.217,1921.355,1921.355
396100.664,3988004.824,1921.445,1921.445
396062.156,3988280.503,1921.472,1921.472
396094.718,3988333.982,1921.509,1921.509
396075.219,3988293.014,1921.528,1921.528
396066.656,3988283.741,1921.598,1921.598
396032.284,3988156.136,1921.774,1921.774
396081.793,3988032.209,1921.842,1921.842
396063.124,3988106.149,1921.870,1921.870
396108.505,3988423.484,1921.880,1921.880
396060.636,3988099.358,1921.894,1921.894
396066.486,3988110.284,1921.957,1921.957
396071.895,3988042.978,1921.969,1921.969
396090.621,3987979.375,1921.973,1921.973
396111.370,3988408.933,1921.995,1921.995
396099.894,3988359.348,1922.000,1922.000
396095.422,3987985.901,1922.029,1922.029
396032.114,3988175.958,1922.033,1922.033
396108.024,3988444.410,1922.049,1922.049
396057.542,3988050.648,1922.073,1922.073
396049.679,3988085.894,1922.127,1922.127
396095.318,3987976.941,1922.206,1922.206
396111.607,3988418.899,1922.242,1922.242
396041.107,3988132.240,1922.291,1922.291
396104.863,3988379.400,1922.292,1922.292
396101.821,3988015.575,1922.308,1922.308
396049.864,3988077.719,1922.597,1922.597
396107.857,3988394.765,1922.629,1922.629
396112.619,3988457.160,1922.674,1922.674
396034.627,3988201.645,1922.681,1922.681
396071.614,3988122.516,1922.712,1922.712
396085.588,3988028.300,1922.722,1922.722
396043.584,3988221.193,1922.758,1922.758
396036.517,3988206.541,1922.807,1922.807
396100.376,3988021.771,1922.840,1922.840
396057.477,3988092.174,1922.840,1922.840
396103.033,3988363.665,1922.852,1922.852
396097.247,3987990.705,1922.857,1922.857
396087.915,3988318.278,1922.881,1922.881
396058.028,3988131.606,1922.967,1922.967
396104.367,3988024.896,1922.971,1922.971
396038.532,3988212.486,1922.996,1922.996
396075.164,3988038.987,1923.110,1923.110
396050.051,3988132.811,1923.141,1923.141
396071.646,3988127.623,1923.147,1923.147
396057.395,3988277.033,1923.190,1923.190
396070.066,3988115.729,1923.204,1923.204
396104.718,3988374.318,1923.232,1923.232
396050.686,3988072.446,1923.265,1923.265
396080.277,3988296.169,1923.290,1923.290
396051.671,3988067.385,1923.291,1923.291
396100.461,3988346.992,1923.407,1923.407
396105.538,3988012.216,1923.427,1923.427
396098.838,3987981.444,1923.436,1923.436
396084.854,3988308.071,1923.437,1923.437
396091.059,3988322.950,1923.506,1923.506
396062.856,3988049.229,1923.544,1923.544
396093.030,3988327.572,1923.564,1923.564
396100.251,3988353.715,1923.573,1923.573
396096.012,3988341.256,1923.622,1923.622
396107.221,3988429.582,1923.722,1923.722
396080.289,3988037.356,1923.729,1923.729
396071.655,3988285.448,1923.750,1923.750
396100.746,3987986.221,1923.768,1923.768
396082.827,3988302.112,1923.772,1923.772
396035.459,3988196.671,1923.840,1923.840
396067.658,3988046.237,1923.922,1923.922
396052.864,3988081.850,1923.977,1923.977
396034.279,3988181.902,1924.093,1924.093
396054.966,3988272.552,1924.136,1924.136
396052.593,3988249.784,1924.295,1924.295
396088.407,3988311.818,1924.308,1924.308
396105.416,3988368.113,1924.390,1924.390
396111.418,3988400.121,1924.411,1924.411
396094.477,3988028.624,1924.465,1924.465
396099.681,3988026.771,1924.493,1924.493
396104.059,3987980.934,1924.557,1924.557
396036.641,3988147.125,1924.639,1924.639
396075.694,3988046.433,1924.673,1924.673
396109.211,3988436.530,1924.718,1924.718
396035.431,3988152.230,1924.777,1924.777
396112.801,3988446.919,1924.825,1924.825
396110.450,3988388.198,1924.877,1924.877
396098.163,3988329.428,1924.880,1924.880
396060.696,3988066.609,1924.954,1924.954
396101.248,3987976.561,1924.966,1924.966
396059.830,3988059.997,1924.987,1924.987
396041.700,3988208.451,1925.114,1925.114
396099.122,3988336.934,1925.210,1925.210
396060.977,3988054.550,1925.253,1925.253
396106.581,3988007.273,1925.297,1925.297
396105.040,3988019.718,1925.339,1925.339
396101.743,3987994.503,1925.377,1925.377
396054.639,3988135.664,1925.390,1925.390
396066.090,3988130.734,1925.415,1925.415
396051.072,3988238.162,1925.651,1925.651
396057.436,3988079.355,1925.709,1925.709
396115.621,3988411.591,1925.744,1925.744
396109.197,3988016.143,1925.853,1925.853
396054.782,3988256.179,1925.854,1925.854
396056.526,3988085.803,1925.873,1925.873
396040.368,3988137.359,1925.874,1925.874
396100.339,3987999.585,1925.908,1925.908
396066.762,3988102.636,1925.926,1925.926
396074.845,3988118.324,1925.931,1925.931
396104.812,3988355.999,1925.957,1925.957
396065.366,3988097.729,1925.985,1925.985
396056.519,3988069.624,1925.987,1925.987
396036.714,3988159.344,1925.995,1925.995
396055.254,3988074.719,1925.996,1925.996
396056.122,3988261.340,1926.024,1926.024
396071.283,3988049.775,1926.048,1926.048
396107.177,3987985.036,1926.054,1926.054
396043.660,3988213.129,1926.157,1926.157
396056.856,3988266.594,1926.205,1926.205
396048.466,3988228.065,1926.304,1926.304
396127.769,3988506.244,1926.334,1926.334
396128.935,3988511.423,1926.433,1926.433
396126.736,3988501.052,1926.450,1926.450
396038.704,3988142.335,1926.461,1926.461
396045.697,3988135.276,1926.482,1926.482
396109.770,3988377.066,1926.496,1926.496
396046.604,3988217.190,1926.537,1926.537
396074.909,3988132.778,1926.614,1926.614
396109.367,3988371.929,1926.627,1926.627
396036.078,3988168.213,1926.630,1926.630
396111.924,3988427.220,1926.701,1926.701
396086.298,3988034.615,1926.742,1926.742
396079.014,3988287.029,1926.752,1926.752
396070.791,3988106.739,1926.776,1926.776
396084.341,3988040.670,1926.849,1926.849
396104.168,3988350.436,1926.863,1926.863
396079.860,3988043.114,1926.881,1926.881
396062.371,3988134.220,1926.916,1926.916
396125.683,3988495.398,1926.919,1926.919
396086.080,3988295.506,1926.997,1926.997
396113.882,3988393.071,1927.023,1927.023
396041.491,3988203.450,1927.122,1927.122
396108.483,3988363.755,1927.192,1927.192
396116.253,3988406.014,1927.196,1927.196
396066.725,3988052.745,1927.215,1927.215
396088.518,3988304.468,1927.226,1927.226
396090.474,3988031.636,1927.231,1927.231
396115.100,3988423.160,1927.296,1927.296
396080.299,3988049.870,1927.310,1927.310
396112.094,3988432.370,1927.312,1927.312
396110.477,3988010.871,1927.322,1927.322
396123.023,3988484.980,1927.358,1927.358
396092.207,3988315.600,1927.374,1927.374
396057.787,3988251.755,1927.445,1927.445
396053.511,3988242.569,1927.541,1927.541
396104.842,3987989.549,1927.541,1927.541
396049.082,3988221.804,1927.543,1927.543
396060.986,3988083.251,1927.579,1927.579
396069.644,3988279.281,1927.581,1927.581
396061.241,3988071.584,1927.594,1927.594
396076.625,3988123.048,1927.601,1927.601
396036.924,3988173.753,1927.604,1927.604
396064.936,3988057.853,1927.700,1927.700
396120.305,3988474.394,1927.806,1927.806
396089.067,3988038.785,1927.810,1927.810
396124.786,3988489.905,1927.814,1927.814
396109.178,3988027.971,1927.845,1927.845
396118.655,3988454.877,1927.848,1927.848
396089.195,3988299.488,1927.873,1927.873
396077.202,3988128.173,1927.907,1927.907
396121.584,3988479.510,1927.918,1927.918
396061.838,3988076.715,1927.926,1927.926
396102.413,3988332.596,1928.055,1928.055
396070.045,3988134.151,1928.126,1928.126
396050.307,3988138.962,1928.222,1928.222
396064.885,3988063.382,1928.236,1928.236
396121.632,3988469.376,1928.352,1928.352
396063.693,3988088.331,1928.368,1928.368
396092.821,3988308.715,1928.381,1928.381
396085.056,3988290.512,1928.405,1928.405
396075.985,3988282.678,1928.488,1928.488
396097.855,3988032.329,1928.515,1928.515
396065.766,3988068.721,1928.605,1928.605
396109.929,3988022.602,1928.618,1928.618
396115.567,3988386.111,1928.624,1928.624
396103.565,3988029.953,1928.642,1928.642
396097.286,3988324.454,1928.673,1928.673
396071.699,3988100.854,1928.716,1928.716
396039.885,3988191.846,1928.722,1928.722
396116.862,3988416.445,1928.730,1928.730
396105.375,3988002.370,1928.768,1928.768
396110.176,3987978.165,1928.776,1928.776
396045.177,3988140.267,1928.783,1928.783
396112.569,3988367.580,1928.788,1928.788
396071.251,3988055.452,1928.791,1928.791
396112.562,3987983.330,1928.806,1928.806
396093.612,3988303.713,1928.814,1928.814
396040.574,3988198.493,1928.829,1928.829
396039.073,3988178.560,1928.832,1928.832
396075.546,3988052.762,1928.865,1928.865
396118.155,3988396.419,1928.945,1928.945
396105.977,3987997.300,1928.994,1928.994
396095.388,3988319.535,1929.070,1929.070
396109.409,3988358.816,1929.076,1929.076
396073.530,3988111.773,1929.317,1929.317
396122.092,3988463.886,1929.353,1929.353
396059.780,3988270.788,1929.372,1929.372
396088.672,3988044.276,1929.419,1929.419
396056.626,3988246.795,1929.462,1929.462
396040.243,3988184.115,1929.573,1929.573
396052.603,3988216.109,1929.603,1929.603
396047.398,3988206.915,1929.635,1929.635
396106.053,3988343.743,1929.700,1929.700
396069.873,3988060.451,1929.721,1929.721
396063.952,3988274.655,1929.785,1929.785
396111.029,3987988.313,1929.811,1929.811
396079.040,3988135.699,1929.814,1929.814
396108.996,3987993.190,1929.826,1929.826
396114.534,3988379.558,1929.889,1929.889
396122.274,3988458.659,1929.954,1929.954
396060.811,3988263.096,1929.995,1929.995
396118.117,3988448.757,1929.999,1929.999
396104.075,3988339.055,1930.012,1930.012
396119.311,3988401.848,1930.015,1930.015
396075.444,3988104.618,1930.033,1930.033
396118.239,3988390.363,1930.042,1930.042
396115.265,3988439.878,1930.072,1930.072
396103.480,3988327.534,1930.144,1930.144
396080.438,3988054.911,1930.192,1930.192
396066.112,3988083.761,1930.207,1930.207
396083.944,3988046.026,1930.232,1930.232
396067.246,3988073.597,1930.266,1930.266
396069.696,3988065.619,1930.318,1930.318
396066.899,3988078.764,1930.430,1930.430
396078.226,3988113.985,1930.472,1930.472
396040.905,3988151.534,1930.491,1930.491
396119.236,3988443.873,1930.521,1930.521
396085.365,3988051.612,1930.533,1930.533
396093.667,3988036.016,1930.579,1930.579
396109.389,3988353.176,1930.579,1930.579
396113.713,3988018.816,1930.607,1930.607
396115.500,3988373.168,1930.710,1930.710
396116.923,3988435.159,1930.927,1930.927
396093.462,3988296.300,1930.932,1930.932
396114.090,3988029.163,1930.944,1930.944
396081.393,3988131.013,1930.954,1930.954
396114.965,3988013.780,1931.065,1931.065
396116.456,3988429.875,1931.085,1931.085
396115.644,3987978.993,1931.191,1931.191
396044.353,3988194.732,1931.273,1931.273
396109.078,3988348.169,1931.280,1931.280
396105.936,3988040.167,1931.391,1931.391
396107.199,3988334.897,1931.420,1931.420
396068.087,3988092.677,1931.449,1931.449
396049.776,3988211.584,1931.481,1931.481
396073.375,3988095.910,1931.562,1931.562
396111.418,3988004.932,1931.567,1931.567
396044.501,3988145.623,1931.585,1931.585
396060.399,3988257.849,1931.603,1931.603
396073.712,3988138.119,1931.610,1931.610
396069.770,3988087.452,1931.731,1931.731
396114.756,3988024.054,1931.769,1931.769
396060.209,3988138.741,1931.794,1931.794
396078.416,3988108.665,1931.796,1931.796
396039.885,3988163.977,1931.827,1931.827
396121.051,3988408.323,1931.839,1931.839
396072.215,3988075.411,1931.840,1931.840
396110.643,3987999.936,1931.867,1931.867
396063.633,3988253.979,1931.907,1931.907
396084.869,3988285.125,1931.928,1931.928
396055.065,3988220.892,1931.929,1931.929
396091.260,3988291.647,1931.934,1931.934
396107.857,3988043.138,1931.958,1931.958
396119.761,3988425.486,1931.980,1931.980
396120.056,3988420.312,1932.015,1932.015
396072.014,3988070.227,1932.026,1932.026
396127.197,3988391.427,1932.038,1932.038
396104.097,3988039.727,1932.055,1932.055
396122.579,3988393.388,1932.065,1932.065
396045.752,3988200.209,1932.164,1932.164
396075.999,3988058.160,1932.181,1932.181
396120.352,3987970.533,1932.196,1932.196
396054.783,3988230.480,1932.221,1932.221
396123.186,3988398.556,1932.235,1932.235
396041.160,3988156.586,1932.247,1932.247
396096.737,3988312.460,1932.341,1932.341
396074.110,3988063.130,1932.400,1932.400
396123.184,3988387.607,1932.418,1932.418
396124.056,3988404.155,1932.462,1932.462
396121.498,3988413.448,1932.477,1932.477
396056.618,3988235.281,1932.486,1932.486
396058.062,3988240.406,1932.515,1932.515
396107.977,3988329.904,1932.556,1932.556
396115.289,3987991.229,1932.566,1932.566
396114.772,3988362.642,1932.621,1932.621
396105.533,3988034.663,1932.693,1932.693
396110.560,3988032.958,1932.698,1932.698
396078.371,3988141.051,1932.706,1932.706
396083.188,3988139.106,1932.707,1932.707
396102.208,3988322.579,1932.711,1932.711
396097.891,3988306.535,1932.718,1932.718
396094.089,3988041.108,1932.753,1932.753
396114.205,3987996.170,1932.825,1932.825
396117.923,3987984.430,1932.879,1932.879
396082.905,3988115.821,1933.014,1933.014
396056.203,3988142.046,1933.023,1933.023
396043.610,3988188.141,1933.037,1933.037
396099.244,3988037.493,1933.073,1933.073
396049.981,3988144.009,1933.141,1933.141
396065.418,3988138.309,1933.172,1933.172
396078.511,3988094.274,1933.175,1933.175
396120.436,3987989.292,1933.195,1933.195
396088.067,3988061.712,1933.203,1933.203
396119.200,3988382.510,1933.204,1933.204
396123.266,3988450.126,1933.208,1933.208
396088.403,3988056.587,1933.215,1933.215
396041.860,3988170.742,1933.236,1933.236
396050.388,3988202.518,1933.250,1933.250
396109.860,3988038.179,1933.255,1933.255
396046.095,3988153.508,1933.262,1933.262
396072.892,3988082.128,1933.276,1933.276
396063.731,3988267.520,1933.287,1933.287
396044.090,3988161.105,1933.371,1933.371
396085.319,3988143.957,1933.452,1933.452
396076.609,3988067.626,1933.738,1933.738
396083.505,3988059.227,1933.792,1933.792
396118.446,3988369.106,1933.807,1933.807
396079.734,3988062.557,1933.809,1933.809
396082.948,3988125.187,1933.866,1933.866
396076.723,3988072.651,1933.877,1933.877
396100.365,3988317.497,1933.884,1933.884
396089.853,3988049.341,1933.895,1933.895
396119.177,3988376.869,1933.999,1933.999
396109.084,3988339.759,1934.029,1934.029
396114.082,3988356.369,1934.033,1934.033
396073.483,3988090.847,1934.061,1934.061
396080.937,3988104.115,1934.062,1934.062
396093.357,3988059.445,1934.095,1934.095
396083.557,3988070.783,1934.166,1934.166
396081.845,3988280.472,1934.184,1934.184
396094.815,3988046.081,1934.266,1934.266
396086.531,3988134.590,1934.324,1934.324
396079.182,3988099.284,1934.354,1934.354
396115.538,3988008.729,1934.364,1934.364
396048.997,3988149.182,1934.386,1934.386
396121.256,3987980.380,1934.392,1934.392
396113.711,3988350.517,1934.493,1934.493
396043.951,3988180.728,1934.532,1934.532
396097.907,3988299.509,1934.549,1934.549
396115.440,3988001.722,1934.618,1934.618
396119.113,3988017.594,1934.620,1934.620
396055.965,3988212.238,1934.625,1934.625
396061.581,3988244.159,1934.629,1934.629
396123.493,3987984.972,1934.762,1934.762
396089.727,3988286.814,1934.795,1934.795
396044.371,3988166.388,1934.803,1934.803
396076.573,3988078.428,1934.823,1934.823
396044.641,3988175.691,1934.871,1934.871
396099.225,3988042.615,1934.959,1934.959
396071.962,3988274.246,1934.981,1934.981
396081.015,3988075.365,1935.071,1935.071
396119.066,3988031.965,1935.100,1935.100
396121.734,3988436.878,1935.153,1935.153
396058.765,3988217.343,1935.192,1935.192
396125.988,3988410.365,1935.199,1935.199
396065.338,3988260.237,1935.265,1935.265
396112.285,3988343.895,1935.279,1935.279
396086.141,3988129.217,1935.298,1935.298
396051.631,3988153.452,1935.353,1935.353
396076.354,3988086.423,1935.403,1935.403
396063.530,3988248.822,1935.405,1935.405
396054.924,3988146.890,1935.574,1935.574
396048.891,3988158.210,1935.579,1935.579
396083.549,3988110.628,1935.592,1935.592
396062.629,3988143.314,1935.664,1935.664
396112.267,3988333.316,1935.728,1935.728
396080.752,3988146.036,1935.746,1935.746
396119.240,3987994.372,1935.763,1935.763
396048.552,3988190.660,1935.781,1935.781
396124.966,3988440.774,1935.816,1935.816
396069.567,3988142.197,1935.825,1935.825
396111.803,3988326.282,1935.831,1935.831
396048.801,3988163.988,1935.835,1935.835
396067.904,3988270.773,1935.849,1935.849
396047.259,3988184.634,1935.867,1935.867
396126.400,3988445.566,1935.877,1935.877
396083.853,3988065.485,1935.950,1935.950
396121.691,3988027.701,1935.992,1935.992
396122.240,3988430.664,1936.044,1936.044
396060.337,3988222.270,1936.075,1936.075
396101.616,3988310.138,1936.088,1936.088
396097.834,3988293.724,1936.118,1936.118
396119.723,3988364.180,1936.161,1936.161
396123.660,3988014.671,1936.174,1936.174
396092.927,3988054.198,1936.202,1936.202
396097.505,3988051.024,1936.413,1936.413
396047.368,3988171.497,1936.448,1936.448
396092.262,3988064.440,1936.478,1936.478
396101.576,3988303.056,1936.645,1936.645
396050.553,3988197.300,1936.663,1936.663
396074.244,3988144.595,1936.758,1936.758
396130.587,3988387.507,1936.763,1936.763
396058.907,3988227.198,1936.795,1936.795
396078.488,3988276.423,1936.797,1936.797
396053.645,3988207.309,1936.810,1936.810
396123.553,3988379.434,1936.873,1936.873
396134.108,3987962.793,1936.881,1936.881
396118.551,3988359.247,1936.917,1936.917
396127.871,3988400.872,1936.942,1936.942
396126.717,3988383.639,1937.035,1937.035
396120.196,3987999.446,1937.088,1937.088
396107.245,3988318.755,1937.151,1937.151
396096.026,3988288.877,1937.209,1937.209
396088.268,3988075.813,1937.235,1937.235
396101.048,3988047.292,1937.382,1937.382
396123.326,3988373.129,1937.398,1937.398
396085.040,3988149.004,1937.443,1937.443
396128.582,3988453.688,1937.517,1937.517
396049.525,3988179.711,1937.538,1937.538
396064.215,3988218.810,1937.636,1937.636
396116.399,3988036.483,1937.680,1937.680
396119.743,3988004.653,1937.709,1937.709
396060.996,3988232.094,1937.717,1937.717
396104.371,3988314.430,1937.735,1937.735
396080.476,3988089.460,1937.903,1937.903
396129.883,3988395.655,1937.904,1937.904
396079.917,3988082.687,1937.914,1937.914
396061.931,3988237.111,1937.997,1937.997
396120.330,3988022.521,1938.011,1938.011
396051.599,3988168.524,1938.026,1938.026
396129.110,3988406.325,1938.041,1938.041
396068.441,3988264.779,1938.124,1938.124
396056.487,3988151.775,1938.135,1938.135
396053.047,3988161.136,1938.143,1938.143
396085.714,3988106.097,1938.145,1938.145
396055.962,3988156.966,1938.160,1938.160
396112.188,3988321.040,1938.177,1938.177
396083.457,3988095.808,1938.198,1938.198
396084.085,3988079.600,1938.203,1938.203
396120.315,3988010.297,1938.208,1938.208
396125.012,3988418.190,1938.262,1938.262
396090.988,3988131.082,1938.314,1938.314
396119.112,3988354.123,1938.342,1938.342
396091.034,3988136.860,1938.346,1938.346
396102.623,3988296.703,1938.364,1938.364
396060.498,3988148.290,1938.400,1938.400
396127.777,3987981.579,1938.402,1938.402
396116.008,3988329.472,1938.431,1938.431
396122.729,3988035.579,1938.447,1938.447
396088.478,3988281.176,1938.502,1938.502
396117.219,3988346.061,1938.522,1938.522
396095.394,3988068.686,1938.560,1938.560
396104.262,3988057.612,1938.565,1938.565
396124.819,3987993.118,1938.603,1938.603
396102.509,3988052.642,1938.661,1938.661
396126.102,3988434.191,1938.670,1938.670
396051.704,3988174.946,1938.755,1938.755
396087.997,3988122.990,1938.808,1938.808
396128.708,3988016.597,1938.826,1938.826
396114.085,3988338.797,1938.854,1938.854
396098.086,3988056.144,1938.976,1938.976
396067.888,3988245.510,1939.094,1939.094
396062.330,3988213.630,1939.117,1939.117
396127.977,3988036.824,1939.134,1939.134
396125.934,3988031.587,1939.266,1939.266
396099.088,3988061.071,1939.283,1939.283
396068.463,3988256.305,1939.439,1939.439
396125.978,3988423.410,1939.469,1939.469
396132.159,3988033.475,1939.488,1939.488
396068.469,3988250.644,1939.508,1939.508
396085.463,3988100.686,1939.511,1939.511
396052.930,3988183.622,1939.530,1939.530
396121.137,3988349.545,1939.530,1939.530
396099.866,3988066.011,1939.562,1939.562
396054.160,3988193.797,1939.586,1939.586
396084.281,3988085.740,1939.615,1939.615
396053.449,3988188.808,1939.734,1939.734
396127.827,3988376.205,1939.741,1939.741
396134.774,3988038.034,1939.760,1939.760
396124.165,3988366.935,1939.810,1939.810
396076.542,3988149.248,1939.874,1939.874
396055.427,3988199.726,1939.945,1939.945
396088.510,3988112.595,1939.952,1939.952
396125.387,3987998.085,1940.015,1940.015
396106.722,3988049.339,1940.033,1940.033
396055.834,3988165.513,1940.037,1940.037
396116.573,3988324.267,1940.084,1940.084
396114.690,3988041.256,1940.107,1940.107
396085.352,3988276.400,1940.121,1940.121
396068.907,3988147.264,1940.143,1940.143
396099.829,3988071.164,1940.149,1940.149
396076.515,3988271.794,1940.230,1940.230
396105.311,3988306.492,1940.250,1940.250
396119.780,3988040.469,1940.270,1940.270
396090.966,3988141.968,1940.296,1940.296
396230.921,3988480.580,1940.299,1940.299
396127.320,3988428.381,1940.318,1940.318
396118.463,3988341.217,1940.320,1940.320
396055.041,3988178.917,1940.422,1940.422
396123.447,3988356.854,1940.422,1940.422
396125.512,3988020.837,1940.429,1940.429
396092.302,3988072.663,1940.502,1940.502
396056.014,3988170.972,1940.516,1940.516
396125.362,3988007.642,1940.525,1940.525
396091.693,3988108.171,1940.529,1940.529
396131.423,3988448.885,1940.540,1940.540
396130.839,3988442.606,1940.594,1940.594
396061.081,3988154.051,1940.663,1940.663
396122.483,3988344.331,1940.682,1940.682
396066.581,3988240.621,1940.739,1940.739
396059.293,3988160.814,1940.774,1940.774
396085.497,3988090.858,1940.847,1940.847
396131.276,3987985.351,1940.874,1940.874
396071.809,3988260.460,1940.976,1940.976
396057.721,3988204.242,1940.995,1940.995
396081.079,3988152.325,1941.018,1941.018
396129.155,3988414.507,1941.083,1941.083
396067.999,3988214.973,1941.146,1941.146
396065.820,3988151.277,1941.148,1941.148
396151.008,3987941.459,1941.198,1941.198
396094.065,3988284.037,1941.212,1941.212
396072.847,3988267.846,1941.213,1941.213
396125.361,3988362.047,1941.260,1941.260
396092.109,3988079.370,1941.275,1941.275
396131.936,3987990.931,1941.349,1941.349
396088.524,3988083.078,1941.363,1941.363
396111.469,3988047.390,1941.373,1941.373
396128.008,3988370.714,1941.389,1941.389
396133.504,3988392.037,1941.416,1941.416
396082.080,3988272.602,1941.445,1941.445
396102.825,3988291.496,1941.499,1941.499
396060.473,3988208.877,1941.654,1941.654
396127.322,3988002.740,1941.689,1941.689
396133.336,3987980.688,1941.703,1941.703
396108.169,3988054.345,1941.709,1941.709
396070.336,3988219.599,1941.765,1941.765
396131.612,3988380.227,1941.833,1941.833
396106.019,3988300.665,1941.877,1941.877
396139.105,3987954.384,1941.921,1941.921
396130.622,3988437.517,1941.978,1941.978
396117.894,3988334.892,1942.036,1942.036
396116.018,3988317.557,1942.089,1942.089
396130.411,3987995.842,1942.120,1942.120
396133.499,3988402.802,1942.230,1942.230
396097.286,3988081.166,1942.272,1942.272
396129.073,3988024.700,1942.275,1942.275
396089.918,3988103.278,1942.275,1942.275
396125.040,3988041.525,1942.299,1942.299
396133.509,3988456.365,1942.317,1942.317
396058.627,3988175.258,1942.327,1942.327
396111.387,3988315.670,1942.355,1942.355
396116.642,3988045.960,1942.359,1942.359
396058.027,3988185.597,1942.446,1942.446
396095.311,3988148.400,1942.452,1942.452
396104.721,3988068.161,1942.454,1942.454
396134.620,3988397.897,1942.496,1942.496
396064.895,3988228.050,1942.499,1942.499
396058.489,3988191.054,1942.526,1942.526
396089.716,3988152.198,1942.547,1942.547
396121.277,3988331.190,1942.685,1942.685
396095.362,3988153.422,1942.691,1942.691
396059.157,3988196.165,1942.750,1942.750
396066.346,3988234.271,1942.809,1942.809
396120.297,3988320.648,1942.825,1942.825
396060.333,3988168.007,1942.835,1942.835
396109.806,3988310.563,1942.850,1942.850
396104.166,3988063.079,1942.888,1942.888
396092.238,3988126.083,1942.920,1942.920
396125.478,3988352.208,1942.964,1942.964
396121.326,3988325.967,1942.984,1942.984
396071.762,3988151.448,1942.984,1942.984
396066.813,3988223.378,1943.034,1943.034
396066.582,3988209.983,1943.041,1943.041
396060.786,3988181.377,1943.108,1943.108
396122.202,3988337.554,1943.112,1943.112
396064.112,3988158.370,1943.120,1943.120
396129.079,3988011.531,1943.121,1943.121
396135.325,3988384.231,1943.132,1943.132
396101.637,3988286.525,1943.137,1943.137
396130.835,3988041.225,1943.156,1943.156
396091.788,3988157.058,1943.162,1943.162
396130.852,3988431.991,1943.166,1943.166
396132.980,3988409.763,1943.182,1943.182
396089.878,3988097.083,1943.339,1943.339
396091.246,3988089.074,1943.401,1943.401
396129.117,3988365.753,1943.402,1943.402
396096.813,3988075.412,1943.424,1943.424
396132.875,3988028.388,1943.435,1943.435
396063.557,3988163.994,1943.529,1943.529
396093.785,3988115.846,1943.532,1943.532
396235.763,3988467.484,1943.536,1943.536
396138.972,3988041.286,1943.555,1943.555
396068.825,3988155.675,1943.576,1943.576
396104.837,3988073.565,1943.589,1943.589
396121.745,3988045.353,1943.605,1943.605
396139.088,3988035.248,1943.608,1943.608
396109.220,3988061.223,1943.621,1943.621
396093.036,3988121.011,1943.623,1943.623
396136.072,3987987.429,1943.682,1943.682
396062.266,3988200.631,1943.723,1943.723
396093.701,3988278.821,1943.820,1943.820
396129.983,3988419.753,1943.823,1943.823
396090.769,3988274.303,1943.844,1943.844
396096.447,3988104.624,1943.872,1943.872
396144.594,3987954.477,1943.875,1943.875
396132.264,3988373.666,1943.916,1943.916
396076.046,3988263.871,1943.919,1943.919
396074.805,3988253.993,1943.974,1943.974
396139.238,3987975.302,1944.024,1944.024
396098.730,3988282.039,1944.048,1944.048
396127.195,3988347.413,1944.069,1944.069
396072.549,3988241.974,1944.161,1944.161
396064.328,3988205.487,1944.165,1944.165
396075.919,3988154.571,1944.175,1944.175
396240.538,3988459.824,1944.213,1944.213
396113.444,3988052.067,1944.234,1944.234
396076.593,3988258.716,1944.239,1944.239
396128.614,3988358.221,1944.264,1944.264
396096.694,3988158.367,1944.307,1944.307
396144.473,3988043.536,1944.317,1944.317
396085.404,3988155.421,1944.334,1944.334
396138.101,3988030.288,1944.354,1944.354
396063.436,3988172.118,1944.366,1944.366
396107.320,3988294.376,1944.420,1944.420
396120.981,3988315.584,1944.511,1944.511
396095.937,3988139.252,1944.526,1944.526
396161.354,3987945.765,1944.660,1944.660
396109.723,3988304.045,1944.762,1944.762
396143.159,3987979.704,1944.816,1944.816
396143.411,3988038.469,1944.837,1944.837
396073.541,3988247.219,1944.885,1944.885
396096.585,3988134.208,1944.916,1944.916
396141.823,3987970.617,1944.936,1944.936
396136.649,3987992.940,1944.941,1944.941
396133.141,3988020.609,1944.976,1944.976
396068.191,3988161.393,1944.977,1944.977
396070.580,3988237.295,1945.006,1945.006
396132.207,3988004.415,1945.068,1945.068
396137.338,3988470.986,1945.090,1945.090
396093.971,3988100.074,1945.099,1945.099
396096.603,3988129.197,1945.130,1945.130
396136.270,3988446.333,1945.142,1945.142
396140.133,3988046.182,1945.209,1945.209
396132.913,3988361.871,1945.234,1945.234
396070.023,3988230.252,1945.245,1945.245
396137.974,3987982.757,1945.254,1945.254
396100.742,3988154.814,1945.293,1945.293
396113.006,3988057.493,1945.360,1945.360
396095.959,3988111.200,1945.402,1945.402
396064.548,3988193.339,1945.461,1945.461
396134.098,3987999.309,1945.464,1945.464
396095.972,3988086.116,1945.475,1945.475
396064.675,3988177.397,1945.526,1945.526
396097.820,3988144.019,1945.537,1945.537
396135.296,3988440.005,1945.552,1945.552
396074.989,3988216.213,1945.562,1945.562
396079.911,3988267.410,1945.604,1945.604
396136.394,3988452.059,1945.630,1945.630
396115.180,3988062.278,1945.635,1945.635
396066.653,3988198.199,1945.796,1945.796
396065.473,3988188.063,1945.805,1945.805
396098.067,3988118.885,1945.974,1945.974
396119.703,3988049.927,1945.983,1945.983
396107.386,3988288.373,1946.028,1946.028
396086.708,3988270.515,1946.091,1946.091
396073.125,3988159.069,1946.119,1946.119
396100.474,3988149.467,1946.122,1946.122
396136.266,3988378.226,1946.140,1946.140
396134.884,3988044.912,1946.151,1946.151
396065.938,3988183.084,1946.163,1946.163
396134.389,3988008.975,1946.164,1946.164
396135.371,3988434.771,1946.182,1946.182
396097.105,3988095.979,1946.230,1946.230
396150.470,3988040.329,1946.267,1946.267
396128.162,3988045.590,1946.285,1946.285
396101.459,3988078.010,1946.293,1946.293
396078.499,3988250.581,1946.304,1946.304
396109.153,3988070.774,1946.357,1946.357
396111.225,3988298.832,1946.376,1946.376
396134.155,3988368.725,1946.450,1946.450
396116.622,3988312.041,1946.458,1946.458
396079.900,3988157.699,1946.484,1946.484
396159.306,3987954.092,1946.518,1946.518
396111.196,3988066.049,1946.532,1946.532
396132.343,3988425.630,1946.564,1946.564
396162.103,3987936.516,1946.581,1946.581
396126.278,3988329.046,1946.673,1946.673
396150.912,3987960.083,1946.674,1946.674
396139.777,3988381.864,1946.701,1946.701
396137.240,3988406.608,1946.725,1946.725
396117.833,3988054.736,1946.732,1946.732
396323.816,3988385.889,1946.771,1946.771
396149.170,3988045.563,1946.801,1946.801
396137.818,3988389.045,1946.821,1946.821
396135.432,3988013.867,1946.840,1946.840
396134.207,3988416.223,1946.928,1946.928
396140.610,3987989.809,1946.942,1946.942
396144.559,3988048.691,1946.965,1946.965
396114.064,3988307.668,1946.990,1946.990
396125.984,3988323.825,1946.999,1946.999
396318.290,3988388.903,1947.017,1947.017
396330.318,3988382.946,1947.074,1947.074
396138.479,3988394.472,1947.099,1947.099
396097.844,3988090.966,1947.108,1947.108
396101.562,3988161.074,1947.118,1947.118
396130.988,3988353.363,1947.135,1947.135
396075.366,3988221.435,1947.167,1947.167
396136.672,3988024.656,1947.178,1947.178
396100.475,3988108.159,1947.372,1947.372
396342.714,3988376.058,1947.388,1947.388
396153.926,3987955.253,1947.431,1947.431
396074.618,3988233.206,1947.455,1947.455
396099.820,3988100.244,1947.467,1947.467
396111.842,3988290.869,1947.484,1947.484
396359.262,3988368.291,1947.485,1947.485
396137.817,3988018.587,1947.494,1947.494
396139.127,3988401.514,1947.513,1947.513
396103.451,3988104.103,1947.569,1947.569
396072.589,3988225.813,1947.579,1947.579
396126.807,3988340.790,1947.627,1947.627
396069.450,3988174.760,1947.635,1947.635
396092.977,3988162.705,1947.646,1947.646
396126.015,3988334.092,1947.648,1947.648
396082.617,3988262.629,1947.670,1947.670
396101.714,3988084.181,1947.671,1947.671
396240.807,3988451.919,1947.713,1947.713
396070.472,3988202.886,1947.781,1947.781
396069.788,3988190.599,1947.790,1947.790
396073.097,3988166.070,1947.801,1947.801
396166.606,3987952.071,1947.834,1947.834
396143.456,3988032.643,1947.851,1947.851
396069.905,3988179.781,1947.857,1947.857
396139.189,3987997.285,1947.883,1947.883
396069.344,3988169.527,1947.891,1947.891
396124.780,3988049.809,1947.924,1947.924
396077.270,3988239.531,1947.965,1947.965
396142.682,3987985.114,1947.998,1947.998
396236.473,3988456.093,1948.040,1948.040
396125.425,3988318.850,1948.064,1948.064
396097.273,3988123.970,1948.065,1948.065
396164.716,3987956.871,1948.071,1948.071
396154.069,3988043.897,1948.095,1948.095
396310.144,3988394.163,1948.201,1948.201
396070.370,3988185.433,1948.255,1948.255
396139.217,3988459.301,1948.262,1948.262
396138.461,3988002.318,1948.345,1948.345
396102.202,3988131.920,1948.390,1948.390
396137.424,3988364.816,1948.402,1948.402
396098.438,3988276.126,1948.463,1948.463
396106.115,3988283.081,1948.521,1948.521
396095.384,3988272.017,1948.548,1948.548
396071.875,3988208.272,1948.556,1948.556
396156.879,3987959.446,1948.598,1948.598
396087.705,3988160.218,1948.605,1948.605
396109.748,3988077.364,1948.713,1948.713
396100.324,3988113.881,1948.740,1948.740
396139.170,3988007.484,1948.757,1948.757
396122.944,3988054.580,1948.825,1948.825
396143.630,3987994.362,1948.877,1948.877
396130.972,3988343.788,1948.900,1948.900
396137.261,3988373.167,1949.020,1949.020
396077.230,3988162.795,1949.043,1949.043
396097.631,3988164.754,1949.126,1949.126
396106.098,3988081.363,1949.204,1949.204
396131.893,3988049.507,1949.271,1949.271
396102.849,3988278.531,1949.326,1949.326
396137.999,3988412.932,1949.362,1949.362
396077.383,3988228.769,1949.396,1949.396
396102.644,3988089.144,1949.421,1949.421
396072.233,3988194.970,1949.487,1949.487
396142.284,3988026.486,1949.519,1949.519
396082.528,3988247.498,1949.559,1949.559
396143.486,3988000.007,1949.686,1949.686
396232.281,3988463.761,1949.709,1949.709
396079.334,3988234.903,1949.752,1949.752
396219.226,3988476.281,1949.772,1949.772
396313.161,3988389.960,1949.784,1949.784
396100.937,3988137.068,1949.798,1949.798
396214.729,3988482.254,1949.802,1949.802
396087.863,3988265.611,1949.871,1949.871
396074.660,3988199.639,1949.991,1949.991
396102.827,3988094.452,1949.993,1949.993
396111.717,3988284.995,1950.032,1950.032
396085.348,3988258.338,1950.080,1950.080
396114.893,3988302.606,1950.084,1950.084
396136.916,3988050.404,1950.161,1950.161
396081.758,3988241.772,1950.181,1950.181
396141.201,3988012.504,1950.210,1950.210
396106.156,3988158.103,1950.234,1950.234
396167.739,3987940.036,1950.242,1950.242
396157.553,3987967.466,1950.277,1950.277
396162.671,3987965.468,1950.303,1950.303
396076.614,3988211.202,1950.318,1950.318
396074.874,3988189.991,1950.321,1950.321
396135.446,3988421.293,1950.359,1950.359
396131.046,3988326.394,1950.385,1950.385
396114.701,3988295.005,1950.398,1950.398
396150.349,3988035.219,1950.421,1950.421
396131.243,3988331.538,1950.433,1950.433
396142.522,3988386.446,1950.440,1950.440
396120.972,3988059.341,1950.459,1950.459
396132.816,3988348.581,1950.473,1950.473
396102.584,3988121.581,1950.523,1950.523
396105.573,3988112.698,1950.536,1950.536
396082.884,3988162.096,1950.598,1950.598
396113.479,3988073.969,1950.635,1950.635
396104.537,3988165.305,1950.655,1950.655
396147.311,3987990.844,1950.660,1950.660
396134.797,3988356.951,1950.668,1950.668
396107.439,3988086.189,1950.684,1950.684
396141.728,3988464.423,1950.696,1950.696
396147.792,3987984.604,1950.698,1950.698
396115.605,3988069.239,1950.700,1950.700
396074.127,3988171.319,1950.752,1950.752
396080.263,3988218.203,1950.875,1950.875
396144.853,3988016.787,1950.887,1950.887
396136.745,3988428.800,1950.935,1950.935
396144.041,3988021.730,1950.977,1950.977
396141.619,3988053.104,1950.990,1950.990
396086.451,3988165.966,1951.006,1951.006
396100.952,3988169.109,1951.043,1951.043
396110.393,3988109.526,1951.063,1951.063
396102.824,3988142.048,1951.069,1951.069
396081.786,3988168.156,1951.112,1951.112
396125.941,3988313.686,1951.131,1951.131
396105.345,3988152.205,1951.233,1951.233
396154.216,3988049.148,1951.238,1951.238
396168.741,3987945.603,1951.249,1951.249
396091.747,3988167.738,1951.253,1951.253
396074.821,3988176.780,1951.254,1951.254
396086.186,3988251.420,1951.290,1951.290
396105.976,3988117.718,1951.303,1951.303
396165.803,3987969.916,1951.339,1951.339
396084.156,3988172.585,1951.342,1951.342
396105.602,3988146.744,1951.362,1951.362
396141.656,3988409.010,1951.438,1951.438
396142.254,3988455.256,1951.444,1951.444
396101.590,3988126.778,1951.477,1951.477
396092.881,3988267.526,1951.495,1951.495
396076.606,3988205.913,1951.501,1951.501
396168.278,3987965.101,1951.545,1951.545
396142.891,3988397.900,1951.579,1951.579
396128.531,3988053.536,1951.587,1951.587
396147.234,3988028.396,1951.612,1951.612
396079.831,3988224.330,1951.652,1951.652
396130.672,3988316.383,1951.668,1951.668
396108.704,3988278.299,1951.691,1951.691
396141.620,3988376.880,1951.720,1951.720
396109.005,3988162.751,1951.738,1951.738
396144.995,3988005.047,1951.767,1951.767
396171.885,3987954.891,1951.781,1951.781
396219.029,3988470.657,1951.796,1951.796
396131.678,3988321.309,1951.889,1951.889
396107.193,3988091.891,1951.898,1951.898
396100.962,3988271.202,1952.007,1952.007
396303.722,3988392.624,1952.010,1952.010
396080.357,3988179.171,1952.049,1952.049
396142.779,3988444.112,1952.054,1952.054
396145.004,3988056.789,1952.082,1952.082
396109.096,3988168.004,1952.097,1952.097
396077.406,3988183.700,1952.118,1952.118
396139.732,3988360.080,1952.124,1952.124
396112.037,3988082.710,1952.185,1952.185
396140.981,3988368.790,1952.250,1952.250
396086.454,3988177.145,1952.258,1952.258
396121.817,3988310.310,1952.274,1952.274
396126.551,3988058.301,1952.283,1952.283
396222.633,3988466.331,1952.292,1952.292
396116.178,3988288.024,1952.375,1952.375
396173.773,3987924.149,1952.404,1952.404
396130.312,3988336.825,1952.406,1952.406
396142.654,3988450.095,1952.418,1952.418
396142.828,3988391.898,1952.456,1952.456
396225.636,3988461.895,1952.491,1952.491
396106.869,3988098.149,1952.545,1952.545
396116.626,3988079.818,1952.552,1952.552
396146.039,3988010.195,1952.614,1952.614
396089.772,3988260.681,1952.647,1952.647
396111.851,3988089.419,1952.716,1952.716
396143.578,3988404.275,1952.719,1952.719
396106.750,3988134.669,1952.747,1952.747
396083.917,3988237.153,1952.753,1952.753
396155.391,3988037.506,1952.833,1952.833
396086.902,3988243.963,1952.863,1952.863
396140.937,3988433.452,1952.864,1952.864
396148.093,3987997.419,1952.884,1952.884
396089.906,3988255.052,1952.920,1952.920
396084.151,3988231.752,1952.925,1952.925
396136.593,3988352.000,1952.957,1952.957
396110.339,3988155.049,1953.008,1953.008
396171.305,3987959.857,1953.043,1953.043
396108.506,3988103.152,1953.051,1953.051
396084.106,3988221.669,1953.056,1953.056
396082.952,3988213.653,1953.061,1953.061
396079.786,3988202.043,1953.073,1953.073
396079.746,3988197.032,1953.096,1953.096
396141.755,3988438.731,1953.137,1953.137
396322.580,3988380.158,1953.151,1953.151
396079.805,3988191.792,1953.167,1953.167
396081.599,3988208.015,1953.176,1953.176
396152.152,3988030.352,1953.181,1953.181
396154.848,3987973.665,1953.213,1953.213
396121.755,3988070.029,1953.240,1953.240
396229.384,3988456.108,1953.277,1953.277
396328.500,3988376.206,1953.292,1953.292
396113.486,3988280.172,1953.307,1953.307
396099.086,3988266.390,1953.332,1953.332
396124.840,3988063.123,1953.341,1953.341
396118.493,3988074.275,1953.387,1953.387
396143.079,3988363.934,1953.414,1953.414
396134.222,3988054.885,1953.431,1953.431
396148.462,3988376.096,1953.444,1953.444
396153.522,3987982.829,1953.479,1953.479
396172.778,3987919.208,1953.492,1953.492
396145.371,3988380.704,1953.495,1953.495
396135.977,3988329.302,1953.507,1953.507
396087.219,3988217.446,1953.646,1953.646
396238.712,3988443.100,1953.659,1953.659
396136.006,3988344.631,1953.664,1953.664
396152.259,3987989.453,1953.706,1953.706
396111.996,3988114.498,1953.765,1953.765
396235.327,3988447.396,1953.775,1953.775
396159.153,3988041.391,1953.898,1953.898
396105.991,3988273.850,1953.933,1953.933
396081.641,3988186.896,1953.941,1953.941
396105.302,3988172.725,1953.959,1953.959
396106.861,3988128.886,1954.019,1954.019
396107.459,3988123.539,1954.072,1954.072
396118.579,3988298.523,1954.156,1954.156
396139.821,3988418.380,1954.223,1954.223
396153.461,3987994.452,1954.247,1954.247
396172.817,3987967.608,1954.327,1954.327
396090.466,3988248.036,1954.365,1954.365
396135.815,3988334.665,1954.370,1954.370
396085.359,3988226.804,1954.378,1954.378
396173.038,3987941.344,1954.460,1954.460
396241.168,3988438.610,1954.504,1954.504
396111.216,3988095.466,1954.617,1954.617
396139.700,3988424.687,1954.633,1954.633
396112.541,3988121.959,1954.733,1954.733
396149.369,3988014.123,1954.757,1954.757
396160.797,3988046.479,1954.778,1954.778
396118.444,3988283.144,1954.795,1954.795
396110.344,3988149.623,1954.921,1954.921
396151.693,3988001.054,1954.946,1954.946
396112.821,3988171.633,1954.948,1954.948
396126.767,3988068.021,1954.951,1954.951
396121.532,3988078.315,1954.967,1954.967
396115.799,3988086.091,1954.970,1954.970
396131.887,3988059.460,1955.015,1955.015
396134.768,3988339.599,1955.036,1955.036
396095.363,3988263.033,1955.075,1955.075
396143.258,3988414.431,1955.126,1955.126
396293.977,3988395.510,1955.168,1955.168
396244.036,3988434.427,1955.182,1955.182
396090.414,3988240.387,1955.200,1955.200
396144.604,3988357.994,1955.253,1955.253
396136.571,3988323.742,1955.259,1955.259
396088.788,3988235.321,1955.326,1955.326
396120.341,3988083.855,1955.351,1955.351
396150.502,3988006.559,1955.370,1955.370
396116.135,3988117.630,1955.374,1955.374
396110.210,3988144.529,1955.517,1955.517
396094.070,3988258.034,1955.582,1955.582
396084.139,3988194.637,1955.607,1955.607
396096.247,3988171.518,1955.620,1955.620
396173.225,3987929.158,1955.626,1955.626
396140.117,3988057.895,1955.648,1955.648
396084.731,3988182.295,1955.729,1955.729
396157.130,3988032.575,1955.729,1955.729
396140.338,3988331.790,1955.731,1955.731
396176.572,3987956.848,1955.735,1955.735
396159.246,3987976.333,1955.759,1955.759
396302.744,3988387.290,1955.777,1955.777
396115.894,3988111.148,1955.798,1955.798
396152.156,3988023.664,1955.801,1955.801
396164.656,3987975.000,1955.849,1955.849
396119.877,3988292.161,1955.864,1955.864
396144.690,3988372.269,1955.870,1955.870
396136.052,3988318.237,1955.978,1955.978
396308.392,3988384.326,1956.028,1956.028
396109.610,3988175.901,1956.097,1956.097
396085.360,3988204.693,1956.128,1956.128
396100.225,3988174.622,1956.134,1956.134
396147.263,3988400.825,1956.163,1956.163
396110.953,3988131.955,1956.180,1956.180
396156.894,3987987.249,1956.186,1956.186
396124.893,3988074.149,1956.205,1956.205
396116.391,3988092.986,1956.226,1956.226
396176.669,3987951.305,1956.252,1956.252
396107.938,3988139.613,1956.262,1956.262
396150.622,3988057.585,1956.284,1956.284
396089.241,3988230.110,1956.293,1956.293
396148.482,3988353.895,1956.295,1956.295
396172.492,3987934.198,1956.374,1956.374
396140.971,3988354.420,1956.413,1956.413
396174.212,3987978.522,1956.419,1956.419
396113.708,3988104.552,1956.437,1956.437
396176.782,3987945.794,1956.454,1956.454
396312.476,3988380.922,1956.454,1956.454
396176.536,3987937.723,1956.502,1956.502
396094.345,3988251.268,1956.555,1956.555
396159.823,3987981.828,1956.582,1956.582
396180.675,3987921.043,1956.590,1956.590
396159.394,3988051.689,1956.622,1956.622
396121.609,3988287.211,1956.653,1956.653
396085.952,3988189.615,1956.666,1956.666
396176.807,3987887.725,1956.688,1956.688
396178.654,3987925.702,1956.703,1956.703
396143.444,3988428.365,1956.743,1956.743
396131.597,3988064.457,1956.764,1956.764
396147.477,3988389.587,1956.769,1956.769
396086.592,3988210.111,1956.810,1956.810
396320.222,3988375.672,1956.824,1956.824
396156.586,3987998.576,1956.870,1956.870
396114.064,3988164.426,1956.874,1956.874
396086.063,3988199.607,1956.937,1956.937
396115.464,3988099.675,1956.956,1956.956
396104.453,3988177.689,1957.010,1957.010
396244.720,3988429.100,1957.067,1957.067
396224.294,3988454.297,1957.081,1957.081
396089.121,3988223.151,1957.096,1957.096
396112.128,3988127.054,1957.104,1957.104
396117.855,3988277.002,1957.128,1957.128
396117.303,3988124.029,1957.138,1957.138
396235.633,3988438.565,1957.203,1957.203
396172.157,3987913.712,1957.209,1957.209
396335.448,3988366.208,1957.246,1957.246
396164.566,3988042.968,1957.276,1957.276
396175.549,3987963.241,1957.281,1957.281
396148.662,3988384.724,1957.288,1957.288
396213.822,3988465.751,1957.380,1957.380
396119.862,3988089.245,1957.385,1957.385
396183.523,3987990.851,1957.416,1957.416
396153.515,3988010.552,1957.419,1957.419
396113.642,3988158.839,1957.452,1957.452
396230.617,3988444.926,1957.454,1957.454
396160.946,3988036.400,1957.462,1957.462
396094.115,3988244.523,1957.474,1957.474
396271.167,3988408.590,1957.519,1957.519
396146.602,3988367.581,1957.530,1957.530
396099.626,3988259.881,1957.563,1957.563
396147.210,3988395.050,1957.588,1957.588
396147.911,3988362.091,1957.679,1957.679
396140.996,3988326.323,1957.689,1957.689
396174.850,3987904.088,1957.717,1957.717
396134.231,3988312.547,1957.728,1957.728
396280.676,3988401.710,1957.731,1957.731
396220.742,3988457.988,1957.766,1957.766
396184.193,3987991.177,1957.771,1957.771
396155.609,3988015.751,1957.774,1957.774
396143.712,3988421.554,1957.791,1957.791
396125.324,3988082.368,1957.813,1957.813
396129.751,3988309.477,1957.820,1957.820
396130.034,3988072.441,1957.846,1957.846
396120.526,3988114.919,1957.899,1957.899
396156.592,3988020.806,1957.921,1957.921
396140.331,3988347.637,1957.933,1957.933
396237.690,3988433.824,1957.947,1957.947
396344.269,3988361.388,1957.988,1957.988
396093.514,3988175.989,1958.000,1958.000
396091.041,3988180.492,1958.021,1958.021
396092.658,3988219.536,1958.040,1958.040
396286.260,3988396.974,1958.061,1958.061
396156.003,3988005.821,1958.078,1958.078
396177.346,3987917.149,1958.084,1958.084
396089.626,3988185.300,1958.093,1958.093
396136.576,3988061.790,1958.126,1958.126
396122.233,3988279.477,1958.129,1958.129
396155.070,3988054.777,1958.153,1958.153
396148.943,3988443.114,1958.178,1958.178
396114.373,3988177.841,1958.231,1958.231
396122.845,3988301.586,1958.241,1958.241
396117.988,3988173.290,1958.244,1958.244
396112.930,3988274.488,1958.264,1958.264
396098.548,3988254.910,1958.266,1958.266
396089.347,3988195.568,1958.314,1958.314
396093.622,3988232.634,1958.416,1958.416
396124.650,3988087.566,1958.429,1958.429
396216.487,3988461.338,1958.433,1958.433
396094.814,3988237.556,1958.437,1958.437
396118.406,3988106.401,1958.462,1958.462
396226.413,3988448.832,1958.556,1958.556
396090.511,3988213.505,1958.637,1958.637
396115.371,3988146.989,1958.779,1958.779
396090.942,3988190.598,1958.813,1958.813
396150.736,3988371.333,1958.830,1958.830
396180.420,3987941.108,1958.872,1958.872
396140.783,3988342.108,1958.934,1958.934
396090.969,3988202.327,1958.942,1958.942
396119.397,3988138.944,1958.951,1958.951
396166.215,3988050.572,1958.954,1958.954
396128.529,3988077.897,1958.954,1958.954
396119.818,3988097.031,1958.961,1958.961
396091.270,3988207.369,1958.969,1958.969
396179.984,3987969.547,1959.088,1959.088
396160.444,3987991.756,1959.121,1959.121
396141.036,3988321.213,1959.122,1959.122
396156.689,3988025.912,1959.151,1959.151
396125.583,3988306.371,1959.262,1959.262
396104.098,3988267.168,1959.273,1959.273
396145.314,3988329.101,1959.298,1959.298
396179.328,3987907.105,1959.320,1959.320
396177.211,3987973.760,1959.330,1959.330
396114.805,3988152.199,1959.331,1959.331
396098.492,3988247.302,1959.338,1959.338
396093.478,3988226.288,1959.348,1959.348
396169.095,3988046.196,1959.353,1959.353
396178.502,3987930.907,1959.376,1959.376
396178.534,3987882.779,1959.388,1959.388
396121.057,3988120.000,1959.412,1959.412
396125.486,3988283.756,1959.430,1959.430
396148.919,3988435.194,1959.431,1959.431
396123.497,3988296.200,1959.432,1959.432
396167.518,3987980.944,1959.489,1959.489
396183.656,3987926.794,1959.630,1959.630
396181.234,3987987.087,1959.632,1959.632
396177.390,3987911.916,1959.644,1959.644
396118.498,3988166.903,1959.658,1959.658
396123.474,3988093.080,1959.704,1959.704
396163.694,3988054.892,1959.738,1959.738
396104.175,3988261.974,1959.739,1959.739
396095.423,3988182.961,1959.830,1959.830
396099.427,3988179.558,1959.889,1959.889
396293.550,3988389.361,1959.925,1959.925
396121.630,3988134.362,1959.940,1959.940
396134.686,3988069.941,1959.964,1959.964
396339.225,3988361.329,1959.968,1959.968
396181.311,3987953.473,1959.997,1959.997
396142.001,3988062.895,1959.999,1959.999
396140.946,3988337.092,1960.052,1960.052
396116.092,3988131.406,1960.072,1960.072
396174.514,3987983.522,1960.075,1960.075
396182.545,3987948.301,1960.089,1960.089
396098.471,3988241.315,1960.096,1960.096
396122.208,3988101.735,1960.120,1960.120
396095.388,3988215.286,1960.147,1960.147
396159.098,3988011.491,1960.180,1960.180
396110.325,3988180.938,1960.205,1960.205
396129.773,3988085.357,1960.208,1960.208
396164.247,3987988.055,1960.262,1960.262
396161.168,3988029.454,1960.300,1960.300
396123.232,3988124.629,1960.308,1960.308
396147.518,3988061.646,1960.319,1960.319
396144.810,3988350.156,1960.320,1960.320
396121.455,3988273.159,1960.331,1960.331
396162.874,3987999.723,1960.380,1960.380
396133.574,3988076.262,1960.411,1960.411
396114.750,3988141.736,1960.433,1960.433
396094.090,3988198.197,1960.454,1960.454
396186.615,3987922.604,1960.492,1960.492
396139.123,3988314.180,1960.499,1960.499
396151.567,3988380.067,1960.663,1960.663
396166.005,3988037.826,1960.705,1960.705
396313.724,3988375.902,1960.732,1960.732
396288.924,3988391.969,1960.813,1960.813
396095.957,3988187.988,1960.827,1960.827
396302.042,3988382.314,1960.838,1960.838
396095.465,3988210.285,1960.879,1960.879
396160.854,3988004.382,1960.886,1960.886
396122.196,3988170.277,1960.910,1960.910
396138.609,3988066.684,1960.926,1960.926
396103.613,3988256.298,1960.934,1960.934
396180.389,3987961.591,1960.967,1960.967
396159.789,3988058.017,1961.013,1961.013
396145.462,3988323.575,1961.028,1961.028
396120.332,3988149.267,1961.041,1961.041
396203.937,3988469.809,1961.055,1961.055
396097.246,3988222.682,1961.065,1961.065
396211.487,3988460.125,1961.097,1961.097
396207.121,3988465.595,1961.116,1961.116
396215.558,3988455.552,1961.126,1961.126
396184.860,3987917.738,1961.150,1961.150
396183.613,3987965.914,1961.151,1961.151
396109.176,3988264.717,1961.191,1961.191
396161.089,3988017.212,1961.198,1961.198
396098.224,3988229.612,1961.206,1961.206
396119.721,3988180.193,1961.253,1961.253
396122.339,3988175.931,1961.260,1961.260
396096.008,3988193.471,1961.295,1961.295
396219.753,3988451.862,1961.295,1961.295
396151.578,3988358.575,1961.305,1961.305
396181.348,3987935.359,1961.325,1961.325
396099.371,3988234.760,1961.328,1961.328
396102.342,3988251.237,1961.329,1961.329
396183.609,3987895.263,1961.414,1961.414
396128.876,3988091.420,1961.452,1961.452
396321.316,3988370.472,1961.462,1961.462
396148.789,3988420.648,1961.508,1961.508
396096.080,3988205.273,1961.510,1961.510
396328.568,3988366.389,1961.567,1961.567
396125.541,3988116.881,1961.606,1961.606
396181.013,3987977.173,1961.635,1961.635
396165.466,3988032.687,1961.654,1961.654
396118.095,3988262.490,1961.707,1961.707
396170.196,3988041.311,1961.715,1961.715
396125.942,3988275.776,1961.731,1961.731
396190.222,3987918.201,1961.732,1961.732
396161.117,3988023.542,1961.747,1961.747
396164.918,3987995.069,1961.777,1961.777
396120.550,3988129.042,1961.795,1961.795
396104.748,3988182.684,1961.836,1961.836
396126.960,3988098.313,1961.838,1961.838
396108.270,3988258.281,1961.842,1961.842
396169.819,3988054.789,1961.854,1961.854
396132.782,3988081.291,1961.889,1961.889
396229.779,3988437.774,1961.917,1961.917
396149.714,3988410.648,1961.934,1961.934
396226.222,3988441.764,1961.953,1961.953
396307.471,3988378.217,1961.967,1961.967
396151.208,3988430.730,1962.010,1962.010
396181.563,3987900.263,1962.019,1962.019
396184.691,3987957.352,1962.113,1962.113
396122.846,3988110.279,1962.113,1962.113
396118.445,3988155.948,1962.117,1962.117
396112.812,3988260.611,1962.147,1962.147
396295.407,3988384.495,1962.152,1962.152
396173.530,3988050.787,1962.159,1962.159
396133.459,3988088.973,1962.178,1962.178
396145.622,3988345.198,1962.185,1962.185
396154.702,3988375.492,1962.215,1962.215
396125.972,3988136.895,1962.216,1962.216
396109.699,3988270.107,1962.216,1962.216
396102.868,3988244.493,1962.265,1962.265
396115.488,3988182.858,1962.276,1962.276
396151.616,3988365.527,1962.282,1962.282
396182.208,3987913.318,1962.304,1962.304
396144.066,3988316.968,1962.323,1962.323
396100.397,3988185.612,1962.360,1962.360
396145.950,3988334.264,1962.411,1962.411
396154.844,3988060.651,1962.452,1962.452
396149.734,3988326.242,1962.492,1962.492
396170.374,3987986.982,1962.523,1962.523
396098.505,3988200.711,1962.690,1962.690
396184.807,3987908.724,1962.693,1962.693
396185.323,3987938.458,1962.694,1962.694
396187.323,3987943.236,1962.694,1962.694
396138.483,3988074.072,1962.713,1962.713
396222.474,3988445.107,1962.714,1962.714
396120.407,3988143.929,1962.818,1962.818
396174.098,3988044.582,1962.856,1962.856
396124.781,3988291.149,1962.892,1962.892
396192.134,3987923.135,1962.932,1962.932
396240.650,3988422.026,1963.112,1963.112
396128.438,3988112.523,1963.176,1963.176
396100.400,3988190.859,1963.187,1963.187
396244.513,3988418.458,1963.193,1963.193
396125.960,3988105.848,1963.199,1963.199
396102.909,3988238.478,1963.216,1963.216
396155.384,3988369.435,1963.235,1963.235
396165.482,3988019.633,1963.299,1963.299
396099.780,3988218.163,1963.337,1963.337
396168.553,3987998.782,1963.353,1963.353
396145.991,3988339.445,1963.364,1963.364
396129.095,3988287.823,1963.381,1963.381
396164.190,3988008.583,1963.393,1963.393
396136.192,3988307.633,1963.425,1963.425
396156.985,3988444.461,1963.440,1963.440
396130.575,3988304.528,1963.445,1963.445
396107.312,3988252.838,1963.487,1963.487
396184.270,3987972.516,1963.490,1963.490
396187.265,3987952.535,1963.531,1963.531
396289.662,3988385.782,1963.546,1963.546
396151.176,3988415.494,1963.554,1963.554
396127.859,3988300.061,1963.573,1963.573
396189.157,3987947.897,1963.581,1963.581
396167.200,3988059.157,1963.584,1963.584
396101.807,3988225.924,1963.604,1963.604
396100.492,3988213.200,1963.606,1963.606
396185.450,3987980.124,1963.624,1963.624
396136.637,3988084.954,1963.681,1963.681
396123.478,3988153.354,1963.687,1963.687
396125.421,3988142.052,1963.702,1963.702
396100.585,3988208.078,1963.725,1963.725
396146.010,3988066.668,1963.732,1963.732
396187.331,3987961.876,1963.754,1963.754
396118.484,3988161.374,1963.762,1963.762
396164.864,3988013.623,1963.813,1963.813
396127.822,3988121.814,1963.820,1963.820
396297.143,3988379.415,1963.836,1963.836
396137.883,3988079.825,1963.864,1963.864
396101.174,3988195.985,1963.882,1963.882
396206.293,3988460.497,1963.900,1963.900
396142.329,3988070.494,1963.928,1963.928
396189.828,3987881.115,1963.969,1963.969
396153.502,3988423.191,1964.028,1964.028
396169.259,3987992.395,1964.056,1964.056
396153.967,3988386.796,1964.095,1964.095
396166.692,3988003.639,1964.099,1964.099
396312.698,3988370.519,1964.112,1964.112
396131.591,3988095.653,1964.123,1964.123
396129.825,3988280.131,1964.191,1964.191
396184.979,3987931.689,1964.192,1964.192
396120.367,3988185.290,1964.202,1964.202
396124.765,3988182.275,1964.218,1964.218
396174.314,3988058.015,1964.241,1964.241
396188.081,3987885.951,1964.244,1964.244
396322.548,3988364.619,1964.312,1964.312
396317.160,3988367.305,1964.325,1964.325
396125.943,3988131.393,1964.368,1964.368
396107.193,3988247.304,1964.409,1964.409
396170.770,3988036.024,1964.478,1964.478
396153.485,3988397.053,1964.569,1964.569
396104.900,3988188.500,1964.593,1964.593
396153.137,3988391.804,1964.606,1964.606
396103.503,3988231.582,1964.613,1964.613
396151.703,3988064.838,1964.670,1964.670
396142.846,3988076.872,1964.682,1964.682
396128.497,3988127.086,1964.743,1964.743
396152.199,3988402.454,1964.750,1964.750
396127.813,3988177.841,1964.766,1964.766
396189.198,3987927.313,1964.768,1964.768
396178.483,3988054.755,1964.833,1964.833
396150.347,3988347.974,1964.840,1964.840
396126.570,3988167.453,1964.842,1964.842
396116.923,3988270.794,1964.876,1964.876
396148.906,3988319.402,1964.877,1964.877
396127.870,3988172.595,1964.890,1964.890
396129.803,3988102.503,1964.925,1964.925
396332.917,3988359.245,1964.937,1964.937
396104.117,3988221.195,1964.990,1964.990
396103.473,3988203.873,1965.015,1965.015
396186.219,3987903.875,1965.074,1965.074
396167.047,3988026.522,1965.078,1965.078
396104.724,3988216.084,1965.166,1965.166
396195.366,3987918.875,1965.170,1965.170
396164.218,3988063.292,1965.209,1965.209
396337.329,3988356.180,1965.214,1965.214
396327.617,3988361.342,1965.218,1965.218
396190.239,3987899.306,1965.226,1965.226
396122.841,3988163.914,1965.234,1965.234
396109.365,3988185.913,1965.251,1965.251
396150.128,3988342.669,1965.293,1965.293
396114.119,3988265.813,1965.325,1965.325
396269.165,3988397.108,1965.476,1965.476
396232.708,3988428.537,1965.481,1965.481
396132.915,3988284.319,1965.530,1965.530
396158.707,3988064.839,1965.546,1965.546
396189.213,3987911.585,1965.629,1965.629
396142.193,3988310.162,1965.672,1965.672
396105.337,3988198.932,1965.709,1965.709
396130.661,3988107.989,1965.717,1965.717
396235.954,3988424.511,1965.751,1965.751
396107.242,3988242.030,1965.752,1965.752
396177.873,3988047.880,1965.790,1965.790
396136.826,3988093.548,1965.809,1965.809
396192.098,3987889.134,1965.835,1965.835
396156.048,3988417.683,1965.843,1965.843
396135.009,3988099.531,1965.851,1965.851
396179.846,3988059.929,1965.856,1965.856
396150.498,3988070.064,1965.896,1965.896
396106.035,3988193.847,1965.910,1965.910
396132.465,3988180.013,1965.936,1965.936
396169.773,3988022.312,1965.936,1965.936
396229.393,3988432.518,1965.950,1965.950
396173.982,3987990.593,1965.987,1965.987
396122.907,3988158.439,1966.004,1966.004
396188.440,3987968.426,1966.069,1966.069
396129.077,3988295.103,1966.071,1966.071
396154.408,3988407.114,1966.120,1966.120
396222.502,3988438.148,1966.163,1966.163
396146.586,3988312.610,1966.197,1966.197
396179.071,3988041.897,1966.223,1966.223
396172.929,3988001.372,1966.253,1966.253
396184.481,3988056.212,1966.274,1966.274
396273.098,3988393.763,1966.323,1966.323
396139.713,3988088.935,1966.378,1966.378
396116.974,3988257.405,1966.384,1966.384
396129.798,3988272.442,1966.391,1966.391
396155.936,3988362.593,1966.426,1966.426
396112.215,3988254.888,1966.453,1966.453
396175.164,3988038.452,1966.514,1966.514
396125.424,3988269.480,1966.525,1966.525
396141.590,3988083.486,1966.546,1966.546
396190.315,3987957.172,1966.560,1966.560
396154.323,3988351.538,1966.564,1966.564
396283.574,3988387.656,1966.572,1966.572
396105.354,3988210.638,1966.588,1966.588
396350.130,3988348.222,1966.602,1966.602
396130.947,3988117.620,1966.608,1966.608
396107.483,3988234.786,1966.622,1966.622
396192.206,3987964.754,1966.623,1966.623
396155.775,3988412.450,1966.646,1966.646
396173.442,3987995.933,1966.664,1966.664
396124.853,3988147.033,1966.681,1966.681
396136.008,3988302.585,1966.695,1966.695
396171.464,3988062.901,1966.695,1966.695
396279.216,3988390.341,1966.697,1966.697
396156.225,3988382.296,1966.762,1966.762
396111.621,3988249.757,1966.842,1966.842
396107.269,3988228.090,1966.843,1966.843
396190.781,3987939.565,1966.846,1966.846
396193.529,3987944.026,1966.857,1966.857
396146.769,3988073.669,1966.882,1966.882
396169.802,3988016.601,1966.884,1966.884
396171.609,3988006.322,1966.942,1966.942
396170.586,3988011.235,1966.955,1966.955
396170.398,3988030.243,1967.053,1967.053
396133.552,3988124.290,1967.114,1967.114
396189.039,3987934.713,1967.132,1967.132
396150.351,3988336.984,1967.161,1967.161
396129.401,3988184.585,1967.176,1967.176
396192.464,3987894.651,1967.212,1967.212
396290.116,3988380.670,1967.224,1967.224
396191.637,3987907.022,1967.233,1967.233
396110.987,3988238.510,1967.313,1967.313
396114.052,3988187.691,1967.315,1967.315
396192.317,3987951.914,1967.362,1967.362
396128.455,3988150.665,1967.393,1967.393
396150.396,3988331.836,1967.454,1967.454
396133.649,3988276.268,1967.506,1967.506
396134.724,3988104.785,1967.669,1967.669
396112.316,3988243.917,1967.694,1967.694
396124.806,3988187.702,1967.730,1967.730
396193.553,3987914.082,1967.742,1967.742
396177.964,3987993.717,1967.801,1967.801
396151.653,3988315.119,1967.872,1967.872
396302.494,3988373.247,1967.876,1967.876
396156.566,3988356.258,1967.880,1967.880
396243.470,3988412.900,1967.894,1967.894
396176.114,3988469.574,1967.912,1967.912
396176.602,3988063.740,1967.984,1967.984
396307.293,3988371.148,1968.000,1968.000
396159.102,3988373.025,1968.001,1968.001
396197.330,3987962.085,1968.046,1968.046
396174.262,3988019.271,1968.053,1968.053
396109.730,3988218.494,1968.069,1968.069
396204.426,3988455.739,1968.090,1968.090
396108.519,3988206.337,1968.098,1968.098
396223.826,3988433.259,1968.151,1968.151
396217.101,3988442.524,1968.167,1968.167
396159.692,3988378.038,1968.169,1968.169
396153.449,3988322.557,1968.181,1968.181
396198.487,3987922.886,1968.192,1968.192
396161.147,3988424.262,1968.218,1968.218
396194.168,3987902.611,1968.218,1968.218
396110.546,3988223.507,1968.219,1968.219
396140.623,3988305.143,1968.240,1968.240
396155.420,3988068.675,1968.257,1968.257
396182.816,3988050.927,1968.305,1968.305
396164.886,3988437.834,1968.334,1968.334
396142.864,3988092.986,1968.396,1968.396
396185.344,3988062.532,1968.403,1968.403
396146.598,3988080.770,1968.421,1968.421
396182.566,3987996.052,1968.442,1968.442
396195.671,3987927.393,1968.450,1968.450
396122.814,3988260.037,1968.470,1968.470
396173.456,3988025.697,1968.474,1968.474
396133.024,3988174.764,1968.474,1968.474
396109.699,3988213.150,1968.478,1968.478
396110.468,3988191.441,1968.503,1968.503
396134.829,3988111.044,1968.574,1968.574
396177.888,3987999.065,1968.631,1968.631
396111.564,3988231.779,1968.686,1968.686
396139.538,3988102.582,1968.686,1968.686
396111.053,3988196.684,1968.762,1968.762
396174.829,3988032.831,1968.776,1968.776
396140.462,3988097.497,1968.777,1968.777
396130.339,3988139.957,1968.777,1968.777
396181.522,3988065.974,1968.807,1968.807
396235.643,3988419.342,1968.814,1968.814
396195.431,3987955.937,1968.855,1968.855
396144.730,3988087.803,1968.864,1968.864
396158.436,3988399.948,1968.866,1968.866
396174.734,3988014.071,1968.903,1968.903
396188.436,3987975.493,1969.046,1969.046
396296.817,3988373.634,1969.063,1969.063
396134.061,3988297.533,1969.080,1969.080
396182.855,3988045.694,1969.081,1969.081
396159.744,3988366.247,1969.176,1969.176
396130.399,3988134.397,1969.179,1969.179
396129.225,3988155.805,1969.267,1969.267
396162.866,3988068.111,1969.272,1969.272
396111.569,3988201.877,1969.302,1969.302
396116.786,3988252.216,1969.337,1969.337
396285.307,3988382.807,1969.375,1969.375
396137.250,3988178.294,1969.379,1969.379
396154.782,3988345.104,1969.406,1969.406
396132.236,3988169.718,1969.421,1969.421
396132.941,3988130.072,1969.432,1969.432
396199.089,3987940.820,1969.602,1969.602
396134.900,3988186.086,1969.607,1969.607
396150.501,3988077.511,1969.657,1969.657
396132.861,3988291.550,1969.673,1969.673
396195.783,3988465.451,1969.682,1969.682
396188.674,3987984.172,1969.689,1969.689
396244.867,3988407.985,1969.739,1969.739
396189.168,3988059.110,1969.765,1969.765
396167.908,3988066.787,1969.842,1969.842
396193.440,3987931.947,1969.892,1969.892
396238.278,3988415.045,1969.894,1969.894
396159.723,3988408.674,1969.896,1969.896
396195.340,3987937.226,1969.973,1969.973
396116.590,3988246.779,1969.992,1969.992
396183.825,3988040.106,1970.055,1970.055
396195.981,3987885.188,1970.073,1970.073
396160.425,3988359.922,1970.087,1970.087
396176.259,3988009.119,1970.097,1970.097
396127.884,3988161.080,1970.097,1970.097
396129.770,3988145.154,1970.100,1970.100
396180.354,3988036.303,1970.131,1970.131
396196.602,3987948.497,1970.148,1970.148
396187.401,3987997.332,1970.153,1970.153
396196.755,3987909.646,1970.166,1970.166
396156.115,3988317.624,1970.167,1970.167
396250.174,3988403.134,1970.192,1970.192
396189.067,3988053.891,1970.200,1970.200
396172.991,3988067.956,1970.252,1970.252
396198.444,3987899.830,1970.259,1970.259
396177.877,3988004.192,1970.259,1970.259
396114.082,3988227.449,1970.330,1970.330
396154.070,3988073.820,1970.349,1970.349
396206.454,3988450.676,1970.388,1970.388
396115.513,3988235.434,1970.395,1970.395
396162.500,3988419.427,1970.415,1970.415
396158.600,3988394.312,1970.458,1970.458
396210.897,3988445.918,1970.462,1970.462
396146.088,3988306.371,1970.513,1970.513
396113.461,3988209.193,1970.531,1970.531
396149.758,3988085.180,1970.537,1970.537
396115.539,3988193.945,1970.541,1970.541
396114.135,3988215.610,1970.608,1970.608
396159.702,3988387.731,1970.642,1970.642
396116.626,3988240.743,1970.643,1970.643
396274.131,3988388.815,1970.654,1970.654
396189.733,3987992.734,1970.694,1970.694
396137.320,3988119.440,1970.702,1970.702
396131.585,3988164.543,1970.714,1970.714
396177.811,3988023.089,1970.757,1970.757
396115.316,3988220.498,1970.769,1970.769
396139.197,3988108.218,1970.822,1970.822
396228.088,3988425.148,1970.831,1970.831
396259.220,3988395.462,1970.837,1970.837
396268.877,3988390.122,1970.850,1970.850
396136.594,3988280.612,1970.857,1970.857
396139.103,3988298.060,1970.945,1970.945
396198.727,3987914.805,1970.949,1970.949
396139.067,3988114.450,1970.974,1970.974
396159.192,3988072.719,1970.993,1970.993
396146.878,3988096.905,1971.016,1971.016
396130.770,3988189.569,1971.039,1971.039
396200.925,3987958.101,1971.050,1971.050
396119.106,3988190.376,1971.108,1971.108
396139.113,3988182.960,1971.120,1971.120
396312.834,3988362.013,1971.142,1971.142
396148.091,3988091.731,1971.146,1971.146
396137.451,3988127.780,1971.179,1971.179
396201.111,3987928.458,1971.188,1971.188
396192.342,3987971.872,1971.211,1971.211
396134.789,3988137.646,1971.240,1971.240
396115.945,3988199.056,1971.269,1971.269
396158.510,3988348.759,1971.276,1971.276
396155.369,3988311.290,1971.306,1971.306
396278.683,3988383.664,1971.355,1971.355
396170.051,3988441.084,1971.389,1971.389
396115.983,3988204.458,1971.443,1971.443
396202.188,3987918.922,1971.461,1971.461
396150.801,3988308.860,1971.468,1971.468
396178.071,3988028.451,1971.520,1971.520
396136.587,3988287.718,1971.524,1971.524
396189.939,3988065.414,1971.543,1971.543
396196.670,3987967.898,1971.620,1971.620
396328.196,3988353.457,1971.660,1971.660
396144.625,3988101.416,1971.700,1971.700
396183.443,3988001.035,1971.711,1971.711
396216.684,3988436.872,1971.741,1971.741
396154.749,3988329.331,1971.767,1971.767
396308.309,3988364.529,1971.770,1971.770
396176.826,3988453.514,1971.770,1971.770
396133.473,3988153.052,1971.831,1971.831
396129.916,3988266.959,1971.897,1971.897
396201.165,3987945.666,1971.924,1971.924
396316.978,3988358.882,1971.933,1971.933
396178.171,3988069.783,1971.939,1971.939
396161.619,3988382.883,1971.970,1971.970
396137.418,3988156.819,1972.011,1972.011
396262.746,3988390.698,1972.049,1972.049
396118.535,3988230.719,1972.076,1972.076
396121.591,3988254.906,1972.079,1972.079
396199.689,3987888.768,1972.080,1972.080
396199.710,3987952.565,1972.087,1972.087
396138.520,3988273.921,1972.095,1972.095
396192.181,3987987.889,1972.103,1972.103
396193.534,3987996.183,1972.108,1972.108
396193.943,3988056.922,1972.117,1972.117
396118.443,3988224.711,1972.157,1972.157
396167.843,3988427.476,1972.158,1972.158
396164.141,3988412.705,1972.174,1972.174
396303.942,3988367.112,1972.178,1972.178
396193.817,3987982.853,1972.197,1972.197
396191.008,3988001.085,1972.219,1972.219
396193.539,3987977.844,1972.261,1972.261
396253.347,3988397.296,1972.280,1972.280
396153.536,3988081.782,1972.295,1972.295
396117.950,3988211.496,1972.302,1972.302
396199.299,3987905.142,1972.341,1972.341
396187.917,3988048.978,1972.433,1972.433
396162.183,3988403.284,1972.451,1972.451
396144.101,3988106.664,1972.455,1972.455
396120.647,3988195.225,1972.466,1972.466
396199.875,3987894.787,1972.466,1972.466
396137.971,3988132.788,1972.478,1972.478
396182.235,3988006.669,1972.478,1972.478
396179.718,3988017.240,1972.489,1972.489
396135.394,3988142.739,1972.500,1972.500
396143.538,3988300.696,1972.522,1972.522
396125.383,3988264.365,1972.607,1972.607
396164.989,3988407.592,1972.627,1972.627
396120.979,3988249.439,1972.645,1972.645
396344.172,3988345.624,1972.647,1972.647
396198.638,3987932.990,1972.649,1972.649
396155.353,3988334.812,1972.663,1972.663
396187.945,3988043.698,1972.721,1972.721
396289.498,3988373.211,1972.736,1972.736
396163.075,3988391.951,1972.757,1972.757
396163.533,3988397.165,1972.787,1972.787
396201.198,3987965.579,1972.817,1972.817
396134.249,3988147.704,1972.829,1972.829
396206.618,3987921.459,1972.835,1972.835
396298.731,3988368.848,1972.877,1972.877
396119.137,3988217.014,1972.900,1972.900
396180.335,3988012.204,1972.911,1972.911
396201.756,3987910.617,1972.912,1972.912
396206.152,3987926.623,1972.922,1972.922
396185.453,3988069.487,1972.931,1972.931
396321.661,3988356.468,1972.932,1972.932
396157.842,3988325.189,1972.937,1972.937
396157.199,3988077.934,1972.963,1972.963
396137.986,3988293.165,1972.987,1972.987
396286.035,3988377.673,1973.029,1973.029
396132.819,3988159.590,1973.076,1973.076
396166.383,3988071.684,1973.119,1973.119
396161.215,3988353.552,1973.140,1973.140
396222.851,3988428.244,1973.211,1973.211
396281.300,3988379.311,1973.240,1973.240
396172.226,3988072.933,1973.258,1973.258
396121.001,3988243.795,1973.303,1973.303
396182.036,3988073.301,1973.310,1973.310
396134.714,3988270.069,1973.316,1973.316
396191.665,3988070.235,1973.345,1973.345
396218.886,3988432.317,1973.346,1973.346
396204.953,3987961.336,1973.376,1973.376
396120.353,3988201.716,1973.403,1973.403
396164.324,3988375.595,1973.450,1973.450
396163.461,3988370.092,1973.469,1973.469
396143.520,3988111.687,1973.487,1973.487
396186.017,3988035.386,1973.516,1973.516
396152.900,3988089.550,1973.531,1973.531
396229.236,3988420.157,1973.536,1973.536
396120.428,3988237.051,1973.553,1973.553
396164.820,3988386.958,1973.583,1973.583
396142.952,3988119.092,1973.585,1973.585
396204.428,3987897.715,1973.678,1973.678
396203.979,3987891.761,1973.730,1973.730
396176.102,3988444.197,1973.766,1973.766
396182.218,3988031.641,1973.819,1973.819
396183.765,3988020.743,1973.820,1973.820
396204.483,3987902.748,1973.889,1973.889
396137.871,3988172.616,1973.892,1973.892
396160.370,3988314.374,1973.901,1973.901
396142.247,3988154.433,1973.917,1973.917
396231.927,3988415.615,1973.963,1973.963
396223.663,3988422.472,1973.995,1973.995
396140.960,3988123.828,1974.015,1974.015
396139.057,3988190.384,1974.026,1974.026
396211.019,3988438.896,1974.033,1974.033
396182.960,3988026.131,1974.055,1974.055
396204.158,3987941.338,1974.094,1974.094
396160.346,3988320.491,1974.113,1974.113
396173.586,3988434.228,1974.146,1974.146
396174.856,3988439.294,1974.178,1974.178
396142.263,3988129.779,1974.206,1974.206
396204.749,3987949.390,1974.207,1974.207
396151.632,3988095.287,1974.225,1974.225
396141.570,3988278.031,1974.230,1974.230
396238.946,3988408.798,1974.257,1974.257
396234.607,3988411.327,1974.294,1974.294
396149.680,3988104.112,1974.341,1974.341
396189.770,3988038.936,1974.375,1974.375
396139.904,3988140.198,1974.387,1974.387
396137.248,3988167.282,1974.409,1974.409
396120.983,3988207.255,1974.446,1974.446
396122.260,3988221.020,1974.455,1974.455
396241.700,3988404.067,1974.464,1974.464
396153.008,3988100.124,1974.497,1974.497
396177.034,3988075.238,1974.514,1974.514
396125.629,3988192.714,1974.527,1974.527
396170.569,3988421.334,1974.544,1974.544
396162.935,3988076.100,1974.546,1974.546
396202.534,3987936.365,1974.548,1974.548
396140.947,3988284.046,1974.605,1974.605
396127.474,3988257.030,1974.643,1974.643
396194.084,3988051.257,1974.696,1974.696
396125.372,3988246.760,1974.723,1974.723
396156.595,3988086.028,1974.746,1974.746
396205.184,3987931.645,1974.791,1974.791
396257.042,3988390.491,1974.856,1974.856
396126.606,3988251.811,1974.862,1974.862
396144.176,3988181.144,1974.881,1974.881
396187.188,3988004.989,1974.913,1974.913
396122.818,3988227.532,1974.926,1974.926
396211.123,3987924.450,1974.936,1974.936
396193.970,3988451.037,1974.942,1974.942
396124.697,3988239.843,1974.983,1974.983
396266.257,3988385.785,1974.996,1974.996
396159.128,3988342.350,1975.001,1975.001
396123.532,3988232.604,1975.009,1975.009
396273.639,3988381.618,1975.069,1975.069
396147.485,3988155.845,1975.116,1975.116
396282.421,3988374.117,1975.124,1975.124
396160.316,3988081.972,1975.125,1975.125
396122.814,3988213.141,1975.142,1975.142
396206.123,3987907.473,1975.200,1975.200
396194.126,3988062.277,1975.219,1975.219
396138.465,3988150.785,1975.232,1975.232
396154.175,3988305.137,1975.260,1975.260
396164.844,3988363.556,1975.281,1975.281
396129.751,3988261.723,1975.281,1975.281
396295.258,3988365.020,1975.284,1975.284
396143.813,3988159.550,1975.286,1975.286
396143.495,3988293.897,1975.340,1975.340
396187.928,3988074.182,1975.367,1975.367
396148.503,3988109.158,1975.372,1975.372
396159.897,3988308.864,1975.379,1975.379
396137.491,3988162.081,1975.429,1975.429
396184.701,3988015.522,1975.467,1975.467
396139.745,3988145.877,1975.470,1975.470
396124.806,3988198.366,1975.525,1975.525
396194.998,3988004.868,1975.577,1975.577
396149.064,3988301.924,1975.593,1975.593
396198.434,3988059.218,1975.656,1975.656
396134.898,3988193.311,1975.682,1975.682
396141.648,3988289.164,1975.721,1975.721
396209.872,3987901.078,1975.730,1975.730
396300.792,3988363.072,1975.748,1975.748
396159.712,3988337.322,1975.759,1975.759
396248.199,3988395.740,1975.778,1975.778
396185.659,3988010.551,1975.780,1975.780
396146.842,3988115.499,1975.784,1975.784
396124.830,3988203.949,1975.808,1975.808
396198.436,3988053.923,1975.835,1975.835
396190.985,3988008.408,1975.850,1975.850
396305.340,3988360.327,1975.864,1975.864
396260.412,3988386.163,1975.896,1975.896
396166.770,3988380.549,1975.898,1975.898
396143.461,3988272.980,1975.900,1975.900
396164.977,3988357.440,1975.992,1975.992
396309.981,3988357.906,1976.007,1976.007
396192.808,3988046.003,1976.028,1976.028
396168.391,3988076.301,1976.042,1976.042
396205.538,3987914.178,1976.070,1976.070
396157.272,3988092.828,1976.095,1976.095
396198.439,3987979.537,1976.100,1976.100
396207.970,3987945.435,1976.106,1976.106
396212.545,3988433.238,1976.158,1976.158
396167.876,3988393.713,1976.166,1976.166
396195.974,3988067.199,1976.201,1976.201
396196.980,3987990.842,1976.218,1976.218
396187.924,3988023.612,1976.239,1976.239
396142.228,3988135.665,1976.251,1976.251
396168.296,3988399.325,1976.272,1976.272
396147.862,3988121.524,1976.336,1976.336
396201.063,3987970.818,1976.338,1976.338
396140.950,3988195.815,1976.341,1976.341
396125.993,3988217.580,1976.378,1976.378
396125.942,3988209.163,1976.402,1976.402
396142.838,3988186.428,1976.516,1976.516
396146.066,3988281.757,1976.550,1976.550
396190.959,3988033.475,1976.575,1976.575
396325.560,3988348.829,1976.607,1976.607
396208.566,3987894.222,1976.648,1976.648
396320.599,3988351.499,1976.677,1976.677
396210.006,3987910.886,1976.703,1976.703
396144.182,3988191.660,1976.728,1976.728
396181.186,3988438.314,1976.745,1976.745
396183.485,3988442.910,1976.759,1976.759
396330.301,3988347.144,1976.768,1976.768
396198.835,3987985.696,1976.778,1976.778
396188.431,3988444.826,1976.833,1976.833
396126.580,3988223.578,1976.840,1976.840
396210.482,3987929.431,1976.851,1976.851
396206.159,3987968.550,1976.896,1976.896
396176.854,3988429.263,1976.903,1976.903
396140.091,3988268.187,1976.917,1976.917
396164.888,3988316.925,1976.948,1976.948
396187.357,3988029.716,1976.978,1976.978
396197.208,3988000.304,1976.979,1976.979
396209.938,3987916.980,1976.993,1976.993
396252.180,3988391.863,1977.004,1977.004
396153.449,3988107.955,1977.025,1977.025
396148.376,3988296.824,1977.094,1977.094
396146.577,3988126.500,1977.138,1977.138
396129.704,3988195.813,1977.158,1977.158
396173.751,3988415.152,1977.199,1977.199
396243.556,3988398.502,1977.202,1977.202
396135.026,3988264.540,1977.218,1977.218
396215.642,3988428.451,1977.259,1977.259
396195.718,3988073.799,1977.295,1977.295
396170.884,3988405.416,1977.322,1977.322
396276.225,3988377.044,1977.335,1977.335
396219.023,3988424.529,1977.373,1977.373
396179.797,3988433.476,1977.392,1977.392
396148.550,3988161.568,1977.395,1977.395
396134.073,3988258.313,1977.440,1977.440
396161.020,3988089.050,1977.444,1977.444
396194.563,3988037.073,1977.464,1977.464
396268.270,3988380.692,1977.473,1977.473
396165.583,3988080.789,1977.479,1977.479
396209.083,3987964.287,1977.484,1977.484
396169.794,3988384.546,1977.506,1977.506
396209.032,3987940.117,1977.580,1977.580
396131.880,3988253.798,1977.605,1977.605
396129.071,3988242.816,1977.620,1977.620
396156.583,3988103.691,1977.655,1977.655
396130.372,3988248.460,1977.736,1977.736
396171.042,3988389.437,1977.738,1977.738
396199.689,3988070.575,1977.754,1977.754
396157.932,3988097.817,1977.760,1977.760
396142.212,3988176.334,1977.782,1977.782
396127.985,3988235.613,1977.800,1977.800
396214.512,3987920.525,1977.825,1977.825
396164.716,3988311.385,1977.867,1977.867
396159.761,3988331.094,1977.878,1977.878
396152.260,3988157.989,1977.879,1977.879
396144.722,3988143.312,1977.925,1977.925
396215.648,3987926.699,1977.940,1977.940
396146.928,3988133.204,1977.947,1977.947
396127.847,3988229.560,1977.987,1977.987
396196.002,3988041.935,1977.989,1977.989
396159.348,3988303.819,1978.071,1978.071
396162.842,3988345.718,1978.074,1978.074
396199.144,3987995.579,1978.122,1978.122
396213.541,3987897.219,1978.160,1978.160
396212.251,3987906.103,1978.204,1978.204
396313.674,3988354.018,1978.220,1978.220
396173.298,3988078.617,1978.239,1978.239
396223.941,3988417.476,1978.260,1978.260
396202.839,3987982.253,1978.262,1978.262
396204.125,3988059.822,1978.267,1978.267
396165.326,3988350.426,1978.320,1978.320
396189.785,3988018.174,1978.370,1978.370
396167.840,3988367.611,1978.374,1978.374
396129.067,3988213.203,1978.439,1978.439
396175.684,3988419.792,1978.451,1978.451
396152.229,3988112.933,1978.469,1978.469
396146.580,3988138.485,1978.557,1978.557
396195.800,3988441.820,1978.579,1978.579
396213.111,3987943.068,1978.715,1978.715
396174.739,3988409.099,1978.722,1978.722
396151.600,3988117.929,1978.743,1978.743
396227.172,3988413.160,1978.784,1978.784
396191.639,3988013.521,1978.818,1978.818
396130.388,3988206.128,1978.835,1978.835
396187.741,3988439.333,1978.861,1978.861
396202.215,3987975.783,1978.943,1978.943
396162.354,3988094.165,1978.971,1978.971
396200.797,3988063.749,1979.015,1979.015
396147.193,3988276.661,1979.049,1979.049
396165.360,3988086.083,1979.076,1979.076
396184.232,3988078.033,1979.113,1979.113
396131.004,3988219.900,1979.130,1979.130
396143.081,3988164.503,1979.137,1979.137
396204.467,3988440.520,1979.192,1979.192
396209.222,3987935.095,1979.200,1979.200
396195.894,3988010.647,1979.220,1979.220
396164.110,3988305.646,1979.232,1979.232
396145.498,3988148.344,1979.241,1979.241
396211.126,3987969.191,1979.271,1979.271
396209.449,3987959.126,1979.289,1979.289
396212.211,3987954.917,1979.303,1979.303
396134.142,3988245.006,1979.355,1979.355
396142.921,3988169.599,1979.378,1979.378
396214.178,3987933.106,1979.393,1979.393
396132.345,3988238.711,1979.422,1979.422
396191.650,3988027.032,1979.472,1979.472
396234.040,3988405.550,1979.476,1979.476
396131.662,3988225.883,1979.518,1979.518
396180.341,3988423.048,1979.572,1979.572
396210.104,3987950.271,1979.574,1979.574
396192.863,3988022.139,1979.582,1979.582
396175.043,3988402.177,1979.606,1979.606
396150.527,3988151.813,1979.694,1979.694
396151.570,3988130.130,1979.732,1979.732
396201.577,3988003.151,1979.737,1979.737
396173.418,3988396.299,1979.765,1979.765
396170.961,3988377.152,1979.782,1979.782
396206.640,3987978.675,1979.827,1979.827
396132.212,3988232.766,1979.830,1979.830
396207.309,3987973.686,1979.863,1979.863
396306.677,3988353.859,1979.944,1979.944
396157.879,3988110.592,1979.963,1979.963
396300.898,3988357.582,1979.988,1979.988
396135.312,3988250.026,1979.995,1979.995
396161.585,3988101.336,1980.026,1980.026
396289.792,3988362.542,1980.041,1980.041
396179.355,3988415.966,1980.048,1980.048
396153.482,3988125.463,1980.053,1980.053
396197.923,3988047.252,1980.058,1980.058
396315.747,3988349.396,1980.065,1980.065
396201.239,3988008.664,1980.072,1980.072
396207.815,3988063.634,1980.075,1980.075
396134.101,3988198.308,1980.092,1980.092
396197.503,3988436.564,1980.093,1980.093
396188.235,3988433.987,1980.152,1980.152
396151.650,3988283.979,1980.164,1980.164
396237.246,3988401.364,1980.189,1980.189
396195.312,3988030.849,1980.242,1980.242
396213.819,3987938.094,1980.246,1980.246
396176.078,3988377.053,1980.271,1980.271
396170.367,3988083.150,1980.294,1980.294
396330.642,3988340.616,1980.331,1980.331
396205.454,3988054.564,1980.335,1980.335
396281.316,3988369.017,1980.353,1980.353
396154.865,3988300.082,1980.362,1980.362
396230.055,3988408.868,1980.367,1980.367
396138.458,3988260.742,1980.380,1980.380
396202.190,3988050.207,1980.404,1980.404
396285.674,3988365.608,1980.414,1980.414
396209.662,3988428.912,1980.426,1980.426
396151.713,3988278.919,1980.429,1980.429
396215.504,3987910.163,1980.463,1980.463
396169.198,3988314.232,1980.464,1980.464
396164.072,3988340.299,1980.465,1980.465
396342.079,3988334.686,1980.486,1980.486
396209.102,3987983.641,1980.524,1980.524
396174.088,3988381.701,1980.572,1980.572
396256.833,3988382.002,1980.577,1980.577
396182.905,3988427.344,1980.584,1980.584
396148.452,3988188.697,1980.584,1980.584
396214.905,3987915.222,1980.592,1980.592
396169.090,3988360.548,1980.597,1980.597
396239.058,3988396.261,1980.609,1980.609
396134.723,3988203.373,1980.611,1980.611
396206.958,3988433.815,1980.642,1980.642
396262.402,3988378.903,1980.652,1980.652
396133.801,3988210.103,1980.662,1980.662
396179.318,3988079.888,1980.663,1980.663
396175.842,3988371.822,1980.664,1980.664
396270.986,3988375.743,1980.668,1980.668
396148.466,3988178.130,1980.738,1980.738
396145.329,3988268.186,1980.739,1980.739
396251.665,3988385.652,1980.745,1980.745
396162.827,3988327.011,1980.755,1980.755
396191.640,3988078.044,1980.832,1980.832
396156.656,3988115.446,1980.851,1980.851
396203.140,3987992.533,1980.871,1980.871
396146.564,3988287.365,1980.915,1980.915
396276.698,3988371.758,1980.979,1980.979
396161.607,3988106.673,1981.038,1981.038
396134.091,3988215.759,1981.041,1981.041
396204.325,3987987.459,1981.050,1981.050
396138.466,3988254.831,1981.064,1981.064
396164.210,3988334.371,1981.128,1981.128
396216.465,3988419.802,1981.146,1981.146
396203.508,3987998.332,1981.203,1981.203
396135.426,3988222.556,1981.231,1981.231
396155.967,3988120.755,1981.259,1981.259
396212.034,3988424.324,1981.379,1981.379
396200.330,3988039.103,1981.381,1981.381
396149.063,3988271.807,1981.387,1981.387
396179.796,3988410.907,1981.397,1981.397
396167.878,3988090.572,1981.412,1981.412
396217.502,3987946.156,1981.456,1981.456
396219.746,3987923.399,1981.459,1981.459
396218.022,3987899.896,1981.472,1981.472
396149.075,3988291.847,1981.501,1981.501
396294.809,3988359.227,1981.510,1981.510
396216.058,3987950.993,1981.527,1981.527
396150.945,3988141.965,1981.624,1981.624
396200.767,3988431.944,1981.648,1981.648
396169.065,3988353.898,1981.654,1981.654
396217.274,3987904.916,1981.668,1981.668
396153.655,3988294.305,1981.701,1981.701
396172.220,3988364.961,1981.703,1981.703
396195.398,3988017.286,1981.710,1981.710
396178.638,3988405.881,1981.711,1981.711
396146.669,3988173.402,1981.738,1981.738
396175.654,3988386.719,1981.753,1981.753
396210.128,3988056.589,1981.804,1981.804
396169.064,3988308.650,1981.840,1981.840
396135.941,3988229.207,1981.850,1981.850
396166.122,3988098.528,1981.853,1981.853
396152.958,3988135.286,1981.864,1981.864
396192.775,3988431.821,1981.878,1981.878
396202.217,3988043.901,1981.888,1981.888
396176.178,3988391.714,1981.897,1981.897
396205.947,3988006.333,1981.912,1981.912
396243.178,3988392.431,1981.918,1981.918
396136.569,3988235.450,1982.017,1982.017
396147.858,3988166.651,1982.017,1982.017
396151.744,3988146.952,1982.018,1982.018
396216.613,3987957.606,1982.036,1982.036
396199.748,3988034.113,1982.058,1982.058
396138.444,3988207.248,1982.228,1982.228
396137.248,3988240.535,1982.239,1982.239
396196.895,3988025.676,1982.260,1982.260
396178.254,3988398.059,1982.271,1982.271
396199.886,3988014.264,1982.287,1982.287
396139.695,3988200.819,1982.433,1982.433
396184.070,3988413.885,1982.497,1982.497
396169.098,3988319.671,1982.505,1982.505
396138.476,3988212.785,1982.564,1982.564
396246.902,3988388.243,1982.611,1982.611
396212.304,3988061.378,1982.648,1982.648
396172.209,3988087.918,1982.709,1982.709
396138.562,3988218.563,1982.747,1982.747
396170.324,3988348.328,1982.772,1982.772
396139.269,3988246.752,1982.774,1982.774
396219.294,3988415.285,1982.801,1982.801
396139.750,3988225.891,1982.843,1982.843
396142.862,3988263.677,1982.884,1982.884
396176.146,3988084.173,1982.890,1982.890
396218.767,3987931.098,1982.917,1982.917
396223.491,3987926.941,1982.920,1982.920
396203.995,3988075.165,1982.927,1982.927
396323.498,3988341.807,1982.972,1982.972
396202.326,3988426.753,1982.980,1982.980
396168.342,3988343.474,1982.989,1982.989
396219.575,3987918.203,1983.112,1983.112
396214.793,3987973.056,1983.143,1983.143
396222.400,3988411.314,1983.154,1983.154
396160.558,3988298.918,1983.168,1983.168
396152.995,3988163.992,1983.184,1983.184
396248.179,3988381.290,1983.203,1983.203
396157.347,3988129.337,1983.204,1983.204
396159.820,3988124.384,1983.204,1983.204
396213.047,3987986.893,1983.208,1983.208
396204.811,3988012.896,1983.246,1983.246
396184.857,3988419.397,1983.272,1983.272
396199.499,3988078.328,1983.299,1983.299
396180.325,3988388.738,1983.305,1983.305
396188.354,3988423.050,1983.317,1983.317
396309.547,3988348.776,1983.334,1983.334
396142.871,3988258.051,1983.410,1983.410
396172.914,3988357.098,1983.420,1983.420
396193.549,3988426.397,1983.429,1983.429
396317.852,3988344.793,1983.453,1983.453
396265.701,3988375.146,1983.455,1983.455
396199.125,3988020.941,1983.483,1983.483
396219.734,3987941.375,1983.503,1983.503
396165.464,3988300.745,1983.511,1983.511
396168.457,3988337.251,1983.529,1983.529
396214.725,3987982.031,1983.542,1983.542
396140.332,3988231.913,1983.569,1983.569
396209.239,3988010.423,1983.626,1983.626
396181.645,3988378.272,1983.633,1983.633
396179.064,3988382.857,1983.654,1983.654
396187.564,3988081.878,1983.664,1983.664
396219.847,3987913.075,1983.674,1983.674
396196.167,3988082.073,1983.728,1983.728
396229.167,3988403.532,1983.763,1983.763
396209.895,3988077.047,1983.808,1983.808
396191.787,3988084.812,1983.871,1983.871
396300.706,3988352.522,1983.879,1983.879
396208.029,3988001.589,1983.879,1983.879
396232.795,3988397.946,1983.888,1983.888
396170.342,3988095.175,1983.896,1983.896
396205.329,3988080.209,1983.918,1983.918
396208.142,3988072.129,1983.941,1983.941
396221.626,3987908.399,1983.955,1983.955
396160.979,3988118.724,1983.965,1983.965
396224.237,3987920.718,1983.969,1983.969
396169.719,3988303.595,1983.974,1983.974
396207.630,3987994.950,1983.997,1983.997
396142.221,3988251.327,1984.036,1984.036
396204.461,3988068.598,1984.053,1984.053
396212.221,3987977.353,1984.081,1984.081
396173.471,3988311.168,1984.083,1984.083
396174.996,3988346.061,1984.090,1984.090
396200.762,3988029.055,1984.144,1984.144
396225.620,3987944.672,1984.153,1984.153
396220.901,3987954.021,1984.153,1984.153
396145.521,3988200.177,1984.159,1984.159
396167.443,3988104.995,1984.171,1984.171
396278.027,3988365.013,1984.186,1984.186
396222.317,3987902.849,1984.194,1984.194
396167.203,3988330.025,1984.216,1984.216
396155.163,3988153.770,1984.228,1984.228
396151.079,3988170.741,1984.230,1984.230
396257.732,3988376.785,1984.278,1984.278
396217.250,3987965.987,1984.324,1984.324
396222.195,3987948.936,1984.340,1984.340
396206.050,3988422.354,1984.397,1984.397
396227.844,3987903.994,1984.409,1984.409
396141.596,3988237.395,1984.424,1984.424
396157.912,3988134.560,1984.442,1984.442
396153.475,3988288.802,1984.467,1984.467
396153.436,3988186.143,1984.483,1984.483
396170.625,3988100.877,1984.500,1984.500
396166.497,3988109.951,1984.546,1984.546
396220.048,3987961.730,1984.561,1984.561
396181.102,3988373.282,1984.615,1984.615
396142.195,3988242.410,1984.623,1984.623
396182.648,3988402.024,1984.647,1984.647
396164.038,3988114.653,1984.666,1984.666
396282.246,3988361.913,1984.673,1984.673
396156.012,3988139.532,1984.693,1984.693
396148.227,3988195.914,1984.702,1984.702
396209.090,3987990.031,1984.735,1984.735
396175.447,3988092.349,1984.741,1984.741
396188.503,3988410.779,1984.890,1984.890
396143.352,3988205.062,1984.894,1984.894
396162.248,3988131.069,1984.943,1984.943
396176.593,3988361.723,1985.025,1985.025
396183.750,3988085.368,1985.120,1985.120
396142.921,3988210.347,1985.124,1985.124
396174.240,3988352.035,1985.127,1985.127
396167.847,3988325.002,1985.160,1985.160
396211.024,3988083.578,1985.171,1985.171
396204.721,3988036.504,1985.220,1985.220
396184.950,3988406.866,1985.258,1985.258
396202.868,3988024.399,1985.259,1985.259
396225.818,3987983.767,1985.268,1985.268
396215.937,3988065.507,1985.293,1985.293
396147.206,3988260.655,1985.354,1985.354
396201.544,3988083.627,1985.355,1985.355
396157.695,3988144.574,1985.371,1985.371
396177.271,3988366.989,1985.443,1985.443
396199.044,3988422.715,1985.450,1985.450
396153.536,3988180.709,1985.464,1985.464
396179.143,3988088.549,1985.470,1985.470
396219.966,3987936.257,1985.479,1985.479
396146.718,3988254.512,1985.516,1985.516
396142.909,3988221.868,1985.516,1985.516
396181.874,3988394.070,1985.599,1985.599
396206.569,3988047.375,1985.604,1985.604
396207.489,3988041.077,1985.642,1985.642
396164.729,3988126.500,1985.663,1985.663
396153.400,3988175.648,1985.688,1985.688
396193.189,3988420.679,1985.697,1985.697
396291.003,3988354.885,1985.710,1985.710
396142.868,3988215.691,1985.752,1985.752
396219.613,3987970.515,1985.790,1985.790
396190.026,3988416.724,1985.878,1985.878
396202.450,3988418.795,1985.881,1985.881
396210.857,3988418.098,1985.891,1985.891
396210.037,3988051.525,1985.903,1985.903
396158.020,3988149.574,1985.967,1985.967
396204.177,3988018.049,1985.992,1985.992
396185.542,3988397.907,1985.995,1985.995
396211.112,3988067.918,1986.013,1986.013
396224.312,3988406.307,1986.030,1986.030
396152.211,3988192.319,1986.046,1986.046
396326.512,3988336.259,1986.113,1986.113
396252.119,3988378.178,1986.153,1986.153
396223.951,3987932.428,1986.177,1986.177
396224.959,3987914.673,1986.194,1986.194
396304.309,3988348.186,1986.194,1986.194
396145.440,3988246.788,1986.201,1986.201
396172.287,3988107.363,1986.203,1986.203
396172.836,3988341.261,1986.317,1986.317
396227.918,3987924.264,1986.355,1986.355
396286.045,3988357.332,1986.376,1986.376
396272.595,3988366.999,1986.461,1986.461
396211.582,3988005.588,1986.511,1986.511
396214.787,3988079.591,1986.546,1986.546
396217.326,3988409.445,1986.706,1986.706
396224.348,3987958.179,1986.708,1986.708
396240.050,3988388.225,1986.712,1986.712
396206.178,3988085.999,1986.760,1986.760
396228.455,3987929.298,1986.803,1986.803
396144.689,3988228.589,1986.812,1986.812
396158.605,3988291.295,1986.845,1986.845
396219.363,3987975.680,1986.862,1986.862
396184.600,3988385.587,1986.871,1986.871
396232.258,3987907.010,1986.922,1986.922
396205.618,3988031.406,1986.938,1986.938
396169.017,3988117.145,1986.951,1986.951
396309.931,3988343.632,1986.981,1986.981
396174.837,3988304.434,1986.996,1986.996
396243.490,3988384.448,1987.023,1987.023
396150.600,3988203.350,1987.059,1987.059
396145.314,3988233.856,1987.088,1987.088
396268.838,3988371.032,1987.092,1987.092
396171.604,3988333.070,1987.098,1987.098
396171.240,3988112.470,1987.104,1987.104
396213.750,3987992.259,1987.186,1987.186
396175.373,3988097.854,1987.195,1987.195
396156.010,3988168.064,1987.199,1987.199
396234.907,3988392.679,1987.265,1987.265
396178.536,3988354.736,1987.324,1987.324
396209.077,3988016.142,1987.346,1987.346
396213.472,3988412.680,1987.438,1987.438
396164.058,3988136.109,1987.453,1987.453
396159.517,3988163.454,1987.503,1987.503
396295.305,3988351.195,1987.506,1987.506
396175.988,3988102.951,1987.508,1987.508
396161.101,3988140.469,1987.517,1987.517
396222.861,3987966.336,1987.559,1987.559
396157.290,3988280.868,1987.583,1987.583
396217.232,3988059.211,1987.614,1987.614
396189.706,3988401.974,1987.623,1987.623
396159.138,3988158.186,1987.631,1987.631
396150.948,3988264.264,1987.635,1987.635
396179.766,3988095.048,1987.650,1987.650
396146.676,3988239.545,1987.651,1987.651
396155.968,3988275.650,1987.672,1987.672
396193.526,3988412.881,1987.712,1987.712
396259.743,3988371.926,1987.716,1987.716
396206.311,3988415.372,1987.736,1987.736
396227.561,3988398.721,1987.741,1987.741
396211.578,3987998.064,1987.753,1987.753
396147.882,3988207.754,1987.774,1987.774
396196.627,3988416.851,1987.843,1987.843
396153.382,3988268.789,1987.848,1987.848
396157.818,3988172.855,1987.862,1987.862
396152.872,3988198.679,1987.887,1987.887
396151.070,3988257.031,1987.888,1987.888
396214.766,3988054.469,1987.890,1987.890
396187.529,3988392.428,1987.893,1987.893
396264.111,3988368.824,1987.893,1987.893
396157.256,3988189.560,1987.947,1987.947
396183.482,3988091.154,1987.960,1987.960
396207.819,3988021.570,1987.985,1987.985
396162.856,3988145.799,1987.990,1987.990
396188.002,3988088.675,1988.009,1988.009
396158.007,3988183.020,1988.024,1988.024
396158.570,3988285.823,1988.080,1988.080
396196.313,3988087.305,1988.092,1988.092
396229.253,3987917.777,1988.102,1988.102
396222.281,3987980.104,1988.116,1988.116
396175.107,3988336.684,1988.186,1988.186
396207.823,3988026.788,1988.189,1988.189
396181.092,3988359.205,1988.196,1988.196
396182.273,3988364.423,1988.197,1988.197
396215.415,3988086.659,1988.219,1988.219
396226.629,3987953.316,1988.234,1988.234
396149.300,3988250.105,1988.240,1988.240
396178.775,3988349.394,1988.250,1988.250
396178.461,3988308.152,1988.268,1988.268
396147.891,3988213.751,1988.349,1988.349
396147.819,3988224.431,1988.363,1988.363
396213.476,3988013.625,1988.379,1988.379
396186.645,3988380.724,1988.470,1988.470
396149.702,3988243.990,1988.484,1988.484
396147.861,3988219.267,1988.504,1988.504
396172.667,3988327.411,1988.514,1988.514
396192.949,3988406.295,1988.525,1988.525
396229.064,3987948.676,1988.582,1988.582
396159.143,3988177.829,1988.587,1988.587
396228.796,3987910.944,1988.632,1988.632
396156.587,3988194.905,1988.646,1988.646
396161.615,3988153.746,1988.743,1988.743
396168.195,3988296.228,1988.750,1988.750
396277.094,3988359.991,1988.807,1988.807
396211.075,3988044.899,1988.833,1988.833
396210.517,3988034.685,1988.872,1988.872
396254.347,3988373.034,1988.990,1988.990
396215.353,3988001.576,1988.994,1988.994
396298.985,3988347.207,1989.047,1989.047
396215.502,3988008.934,1989.099,1989.099
396184.717,3988369.340,1989.102,1989.102
396244.048,3988376.398,1989.109,1989.109
396162.814,3988294.313,1989.122,1989.122
396186.006,3988374.846,1989.141,1989.141
396224.124,3987973.385,1989.200,1989.200
396337.031,3988331.139,1989.225,1989.225
396244.646,3988369.521,1989.365,1989.365
396218.127,3988404.431,1989.369,1989.369
396202.499,3988411.278,1989.386,1989.386
396213.533,3988073.473,1989.397,1989.397
396208.340,3988410.568,1989.401,1989.401
396167.284,3988132.165,1989.422,1989.422
396163.595,3988160.471,1989.433,1989.433
396222.652,3988400.630,1989.463,1989.463
396149.734,3988230.752,1989.491,1989.491
396316.566,3988338.024,1989.507,1989.507
396218.266,3987989.272,1989.510,1989.510
396219.063,3988082.414,1989.514,1989.514
396221.281,3988012.164,1989.522,1989.522
396173.628,3988119.209,1989.575,1989.575
396227.030,3987936.735,1989.579,1989.579
396220.990,3988063.228,1989.669,1989.669
396170.686,3988123.285,1989.731,1989.731
396180.280,3988344.521,1989.769,1989.769
396197.809,3988408.405,1989.784,1989.784
396193.235,3988091.264,1989.865,1989.865
396212.501,3988029.886,1989.871,1989.871
396171.476,3988128.372,1989.892,1989.892
396280.979,3988356.224,1989.909,1989.909
396217.283,3987996.276,1989.909,1989.909
396152.224,3988211.085,1989.951,1989.951
396191.582,3988395.701,1989.974,1989.974
396176.852,3988114.923,1990.071,1990.071
396154.795,3988206.549,1990.073,1990.073
396180.362,3988105.528,1990.122,1990.122
396177.688,3988109.821,1990.131,1990.131
396232.901,3987945.389,1990.133,1990.133
396166.547,3988142.010,1990.148,1990.148
396331.785,3988331.608,1990.152,1990.152
396150.371,3988236.085,1990.219,1990.219
396168.989,3988137.431,1990.227,1990.227
396184.591,3988097.047,1990.227,1990.227
396180.579,3988100.462,1990.230,1990.230
396179.720,3988339.483,1990.259,1990.259
396248.130,3988373.338,1990.270,1990.270
396161.289,3988168.952,1990.277,1990.277
396229.990,3987940.971,1990.278,1990.278
396233.562,3988387.764,1990.288,1990.288
396212.813,3988024.641,1990.290,1990.290
396172.963,3988298.784,1990.298,1990.298
396237.112,3988383.787,1990.300,1990.300
396240.274,3988379.691,1990.311,1990.311
396286.568,3988352.310,1990.311,1990.311
396165.832,3988150.002,1990.346,1990.346
396176.977,3988331.988,1990.348,1990.348
396227.758,3988393.657,1990.357,1990.357
396226.650,3987962.944,1990.416,1990.416
396161.114,3988277.207,1990.437,1990.437
396222.813,3988067.956,1990.448,1990.448
396212.834,3988039.217,1990.560,1990.560
396233.198,3987914.210,1990.604,1990.604
396217.596,3988070.446,1990.612,1990.612
396174.902,3988322.655,1990.666,1990.666
396165.334,3988165.239,1990.672,1990.672
396163.517,3988287.581,1990.742,1990.742
396157.841,3988200.231,1990.795,1990.795
396161.642,3988186.698,1990.822,1990.822
396162.884,3988181.644,1990.827,1990.827
396183.464,3988351.354,1990.829,1990.829
396152.367,3988216.620,1990.848,1990.848
396267.465,3988364.515,1990.857,1990.857
396232.710,3987921.423,1990.875,1990.875
396158.496,3988270.812,1990.891,1990.891
396272.103,3988361.362,1990.904,1990.904
396162.293,3988282.089,1990.911,1990.911
396210.271,3988405.134,1990.923,1990.923
396162.814,3988174.361,1990.950,1990.950
396174.104,3988317.634,1990.977,1990.977
396217.347,3988027.003,1991.019,1991.019
396152.365,3988221.981,1991.039,1991.039
396190.429,3988384.795,1991.041,1991.041
396227.797,3987969.179,1991.047,1991.047
396172.240,3988133.517,1991.105,1991.105
396226.064,3988013.864,1991.119,1991.119
396154.453,3988252.829,1991.124,1991.124
396204.950,3988406.410,1991.152,1991.152
396188.459,3988093.667,1991.160,1991.160
396161.619,3988192.014,1991.168,1991.168
396194.551,3988400.400,1991.187,1991.187
396153.534,3988226.923,1991.195,1991.195
396192.139,3988389.520,1991.244,1991.244
396232.816,3987926.718,1991.255,1991.255
396154.103,3988246.930,1991.292,1991.292
396210.479,3988088.557,1991.324,1991.324
396214.742,3988048.416,1991.372,1991.372
396199.104,3988403.531,1991.389,1991.389
396157.452,3988265.158,1991.394,1991.394
396215.826,3988399.895,1991.397,1991.397
396166.595,3988155.299,1991.421,1991.421
396304.317,3988340.936,1991.424,1991.424
396162.201,3988196.981,1991.431,1991.431
396167.234,3988291.181,1991.447,1991.447
396154.545,3988233.125,1991.461,1991.461
396155.337,3988260.584,1991.462,1991.462
396231.785,3987934.066,1991.467,1991.467
396237.351,3987910.914,1991.537,1991.537
396158.445,3988256.218,1991.598,1991.598
396153.491,3988240.611,1991.605,1991.605
396231.084,3987959.814,1991.623,1991.623
396213.590,3988019.217,1991.640,1991.640
396227.287,3987977.733,1991.768,1991.768
396159.779,3988204.881,1991.831,1991.831
396215.962,3988033.767,1991.893,1991.893
396219.186,3988005.495,1991.921,1991.921
396198.546,3988093.559,1991.940,1991.940
396223.574,3987988.527,1991.957,1991.957
396217.914,3988016.033,1991.965,1991.965
396221.214,3988056.161,1992.001,1992.001
396201.596,3988089.149,1992.030,1992.030
396218.908,3988051.614,1992.051,1992.051
396177.848,3988300.129,1992.053,1992.053
396186.590,3988360.758,1992.067,1992.067
396231.252,3987964.971,1992.163,1992.163
396294.058,3988345.924,1992.219,1992.219
396177.855,3988326.742,1992.243,1992.243
396256.511,3988368.018,1992.315,1992.315
396181.604,3988303.756,1992.328,1992.328
396160.327,3988260.903,1992.356,1992.356
396190.367,3988377.316,1992.391,1992.391
396169.748,3988145.854,1992.524,1992.524
396237.539,3987942.615,1992.532,1992.532
396260.984,3988364.730,1992.581,1992.581
396185.080,3988346.594,1992.641,1992.641
396186.077,3988355.774,1992.673,1992.673
396239.091,3987947.668,1992.703,1992.703
396321.176,3988334.847,1992.726,1992.726
396234.706,3987950.413,1992.730,1992.730
396178.468,3988313.341,1992.752,1992.752
396221.564,3987993.278,1992.757,1992.757
396188.482,3988365.704,1992.762,1992.762
396221.015,3988030.765,1992.766,1992.766
396175.491,3988124.900,1992.780,1992.780
396167.410,3988183.969,1992.819,1992.819
396184.881,3988341.512,1992.821,1992.821
396166.742,3988188.975,1992.853,1992.853
396219.908,3988396.201,1992.944,1992.944
396189.764,3988371.292,1992.948,1992.948
396181.587,3988334.632,1992.977,1992.977
396166.581,3988170.533,1993.019,1993.019
396220.954,3988000.807,1993.037,1993.037
396157.381,3988213.569,1993.048,1993.048
396182.216,3988112.588,1993.057,1993.057
396194.005,3988381.101,1993.079,1993.079
396207.294,3988400.798,1993.120,1993.120
396167.294,3988178.163,1993.141,1993.141
396198.919,3988397.285,1993.170,1993.170
396169.066,3988161.701,1993.202,1993.202
396230.643,3987973.537,1993.231,1993.231
396196.482,3988392.813,1993.239,1993.239
396157.218,3988218.690,1993.270,1993.270
396185.311,3988102.572,1993.293,1993.293
396236.671,3987917.916,1993.351,1993.351
396171.339,3988151.386,1993.437,1993.437
396161.123,3988209.712,1993.440,1993.440
396224.227,3988008.090,1993.442,1993.442
396206.444,3988091.718,1993.445,1993.445
396235.974,3987931.218,1993.467,1993.467
396274.084,3988355.521,1993.472,1993.472
396176.456,3988130.061,1993.474,1993.474
396217.839,3988038.830,1993.489,1993.489
396170.400,3988166.798,1993.498,1993.498
396176.643,3988137.373,1993.498,1993.498
396215.946,3988043.501,1993.535,1993.535
396178.628,3988120.803,1993.540,1993.540
396158.506,3988249.548,1993.544,1993.544
396172.527,3988141.243,1993.547,1993.547
396236.330,3987962.290,1993.551,1993.551
396158.101,3988243.321,1993.606,1993.606
396165.372,3988200.882,1993.650,1993.650
396216.213,3988091.652,1993.656,1993.656
396182.197,3988329.405,1993.692,1993.692
396224.702,3987997.340,1993.733,1993.733
396220.325,3988088.068,1993.741,1993.741
396184.815,3988108.075,1993.747,1993.747
396193.749,3988096.680,1993.753,1993.753
396183.136,3988117.797,1993.770,1993.770
396218.490,3988075.916,1993.774,1993.774
396179.158,3988318.901,1993.787,1993.787
396231.682,3987954.695,1993.802,1993.802
396196.569,3988385.496,1993.816,1993.816
396189.563,3988099.507,1993.833,1993.833
396180.381,3988126.480,1993.834,1993.834
396237.256,3987923.930,1993.838,1993.838
396165.388,3988274.093,1993.849,1993.849
396158.054,3988229.197,1993.857,1993.857
396167.240,3988283.584,1993.858,1993.858
396226.399,3988388.484,1993.862,1993.862
396171.666,3988156.932,1993.922,1993.922
396157.833,3988237.211,1993.945,1993.945
396250.543,3988368.759,1993.945,1993.945
396297.218,3988341.972,1993.964,1993.964
396186.021,3988306.469,1994.005,1994.005
396166.619,3988193.990,1994.037,1994.037
396162.190,3988266.887,1994.100,1994.100
396158.448,3988223.875,1994.156,1994.156
396229.198,3987987.613,1994.219,1994.219
396174.871,3988147.568,1994.231,1994.231
396235.312,3987937.830,1994.242,1994.242
396194.144,3988373.820,1994.277,1994.277
396221.180,3988391.132,1994.347,1994.347
396333.988,3988326.276,1994.389,1994.389
396226.892,3988064.473,1994.505,1994.505
396218.448,3988021.488,1994.535,1994.535
396264.132,3988360.053,1994.543,1994.543
396188.619,3988350.942,1994.559,1994.559
396227.705,3988070.911,1994.560,1994.560
396225.990,3988059.495,1994.611,1994.611
396222.647,3988035.718,1994.645,1994.645
396269.007,3988357.144,1994.656,1994.656
396223.092,3988073.548,1994.698,1994.698
396306.805,3988334.468,1994.699,1994.699
396229.654,3988384.268,1994.742,1994.742
396164.761,3988205.862,1994.771,1994.771
396189.730,3988105.057,1994.798,1994.798
396231.706,3988067.428,1994.830,1994.830
396222.561,3988025.264,1994.836,1994.836
396240.241,3988372.454,1994.884,1994.884
396168.898,3988278.288,1994.889,1994.889
396187.192,3988114.576,1994.891,1994.891
396226.192,3988054.061,1994.926,1994.926
396279.637,3988351.214,1994.989,1994.989
396311.900,3988332.466,1995.033,1995.033
396209.239,3988395.985,1995.036,1995.036
396240.324,3987928.134,1995.073,1995.073
396162.453,3988215.348,1995.101,1995.101
396202.844,3988393.781,1995.110,1995.110
396289.035,3988345.654,1995.119,1995.119
396329.867,3988323.069,1995.165,1995.165
396200.236,3988389.306,1995.227,1995.227
396236.183,3987957.250,1995.253,1995.253
396317.636,3988329.205,1995.260,1995.260
396192.875,3988362.517,1995.324,1995.324
396176.632,3988295.079,1995.436,1995.436
396232.304,3988072.938,1995.436,1995.436
396193.706,3988368.011,1995.442,1995.442
396180.409,3988133.956,1995.446,1995.446
396284.013,3988347.655,1995.472,1995.472
396214.849,3988393.215,1995.481,1995.481
396226.019,3988029.054,1995.500,1995.500
396182.432,3988322.991,1995.519,1995.519
396162.894,3988251.994,1995.537,1995.537
396191.310,3988356.996,1995.554,1995.554
396257.585,3988360.772,1995.642,1995.642
396197.913,3988377.603,1995.699,1995.699
396220.314,3988046.641,1995.711,1995.711
396187.306,3988337.008,1995.794,1995.794
396172.243,3988291.937,1995.841,1995.841
396198.453,3988098.568,1995.883,1995.883
396232.464,3988062.200,1995.893,1995.893
396227.691,3987992.817,1995.940,1995.940
396171.356,3988191.824,1995.951,1995.951
396230.812,3987981.291,1995.968,1995.968
396161.569,3988233.297,1995.976,1995.976
396241.041,3987914.882,1995.988,1995.988
396243.582,3987944.568,1996.009,1996.009
396170.337,3988174.032,1996.015,1996.015
396222.206,3988041.670,1996.132,1996.132
396172.554,3988186.420,1996.155,1996.155
396162.257,3988220.635,1996.183,1996.183
396184.143,3988122.944,1996.203,1996.203
396166.140,3988211.426,1996.236,1996.236
396172.355,3988286.832,1996.244,1996.244
396240.031,3987934.856,1996.260,1996.260
396182.942,3988298.246,1996.262,1996.262
396239.991,3987952.916,1996.265,1996.265
396171.663,3988181.168,1996.271,1996.271
396169.939,3988198.175,1996.279,1996.279
396186.622,3988331.909,1996.284,1996.284
396236.517,3988376.143,1996.289,1996.289
396167.195,3988269.417,1996.309,1996.309
396228.074,3988033.942,1996.330,1996.330
396234.221,3987969.039,1996.332,1996.332
396301.672,3988336.139,1996.420,1996.420
396165.335,3988262.499,1996.443,1996.443
396174.092,3988163.039,1996.443,1996.443
396222.829,3988018.540,1996.462,1996.462
396232.607,3988380.093,1996.545,1996.545
396223.107,3988078.730,1996.592,1996.592
396162.191,3988239.730,1996.667,1996.667
396224.000,3988084.278,1996.690,1996.690
396203.500,3988096.057,1996.697,1996.697
396174.505,3988171.211,1996.698,1996.698
396244.832,3987949.761,1996.700,1996.700
396229.721,3987999.189,1996.711,1996.711
396241.210,3987920.599,1996.714,1996.714
396163.672,3988246.687,1996.748,1996.748
396193.446,3988352.284,1996.874,1996.874
396233.463,3987990.255,1996.874,1996.874
396312.592,3988327.429,1996.876,1996.876
396210.937,3988094.158,1996.888,1996.888
396236.642,3988070.437,1996.916,1996.916
396181.432,3988139.241,1996.943,1996.943
396184.079,3988129.957,1996.965,1996.965
396177.985,3988143.318,1996.965,1996.965
396164.746,3988256.928,1996.966,1996.966
396176.117,3988153.830,1996.993,1996.993
396162.878,3988226.237,1997.006,1997.006
396234.405,3987985.245,1997.024,1997.024
396235.413,3987976.957,1997.049,1997.049
396228.322,3988076.021,1997.062,1997.062
396188.031,3988119.562,1997.074,1997.074
396177.213,3988158.879,1997.077,1997.077
396229.743,3988017.808,1997.085,1997.085
396291.970,3988341.317,1997.088,1997.088
396198.765,3988370.025,1997.109,1997.109
396201.520,3988381.712,1997.185,1997.185
396179.495,3988149.983,1997.196,1997.196
396204.580,3988386.418,1997.207,1997.207
396190.340,3988110.102,1997.211,1997.211
396238.522,3987972.849,1997.222,1997.222
396244.102,3987931.679,1997.252,1997.252
396239.253,3987966.426,1997.275,1997.275
396220.960,3988093.547,1997.284,1997.284
396187.864,3988301.374,1997.287,1997.287
396194.589,3988107.241,1997.352,1997.352
396208.116,3988391.009,1997.352,1997.352
396194.120,3988102.262,1997.357,1997.357
396240.821,3987960.059,1997.360,1997.360
396226.654,3988003.222,1997.414,1997.414
396190.959,3988346.291,1997.427,1997.427
396253.178,3988363.914,1997.444,1997.444
396226.649,3988039.145,1997.459,1997.459
396172.842,3988281.811,1997.480,1997.480
396224.848,3988048.857,1997.483,1997.483
396165.975,3988235.967,1997.492,1997.492
396165.975,3988230.330,1997.505,1997.505
396220.722,3988385.624,1997.507,1997.507
396177.827,3988166.925,1997.525,1997.525
396197.793,3988364.645,1997.556,1997.556
396244.686,3987925.231,1997.577,1997.577
396238.032,3987981.633,1997.579,1997.579
396226.990,3988044.173,1997.592,1997.592
396216.197,3988388.289,1997.607,1997.607
396174.725,3988176.559,1997.611,1997.611
396167.273,3988218.323,1997.648,1997.648
396197.170,3988359.220,1997.669,1997.669
396170.965,3988273.434,1997.688,1997.688
396183.455,3988316.265,1997.734,1997.734
396186.615,3988326.864,1997.753,1997.753
396274.684,3988349.980,1997.761,1997.761
396245.506,3987917.362,1997.795,1997.795
396185.374,3988135.365,1997.821,1997.821
396169.744,3988265.078,1997.907,1997.907
396210.524,3988386.359,1997.913,1997.913
396170.327,3988208.678,1997.920,1997.920
396241.140,3987977.333,1998.028,1998.028
396269.802,3988351.479,1998.060,1998.060
396323.171,3988326.149,1998.061,1998.061
396192.254,3988116.322,1998.110,1998.110
396260.627,3988356.390,1998.136,1998.136
396230.599,3988057.250,1998.145,1998.145
396166.591,3988242.514,1998.344,1998.344
396265.128,3988353.668,1998.360,1998.360
396294.905,3988336.811,1998.394,1998.394
396190.944,3988341.216,1998.408,1998.408
396224.663,3988381.973,1998.505,1998.505
396217.072,3988096.752,1998.602,1998.602
396171.186,3988203.294,1998.609,1998.609
396203.698,3988101.180,1998.799,1998.799
396242.575,3987939.320,1998.818,1998.818
396181.767,3988293.224,1998.822,1998.822
396188.017,3988126.851,1998.833,1998.833
396329.777,3988317.943,1998.890,1998.890
396244.382,3988364.339,1998.912,1998.912
396226.681,3988022.029,1998.925,1998.925
396198.492,3988354.076,1998.993,1998.993
396230.329,3988026.476,1999.007,1999.007
396206.790,3988381.769,1999.015,1999.015
396167.850,3988250.305,1999.056,1999.056
396197.187,3988348.622,1999.180,1999.180
396192.338,3988334.219,1999.213,1999.213
396190.941,3988308.644,1999.216,1999.216
396167.883,3988223.304,1999.234,1999.234
396232.302,3988031.125,1999.245,1999.245
396170.974,3988214.616,1999.258,1999.258
396191.339,3988328.811,1999.262,1999.262
396232.893,3987995.323,1999.265,1999.265
396187.942,3988319.510,1999.308,1999.308
396229.720,3988007.386,1999.332,1999.332
396170.961,3988255.008,1999.413,1999.413
396202.252,3988373.767,1999.463,1999.463
396245.762,3987974.473,1999.484,1999.484
396206.564,3988376.388,1999.523,1999.523
396175.521,3988200.801,1999.544,1999.544
396307.662,3988329.313,1999.546,1999.546
396177.787,3988289.796,1999.586,1999.586
396182.880,3988145.828,1999.603,1999.603
396242.938,3987969.806,1999.605,1999.605
396230.954,3988012.616,1999.651,1999.651
396187.893,3988313.272,1999.662,1999.662
396202.917,3988367.027,1999.692,1999.692
396169.719,3988260.053,1999.713,1999.713
396215.809,3988383.206,1999.719,1999.719
396229.729,3988050.254,1999.732,1999.732
396174.714,3988195.840,1999.773,1999.773
396190.965,3988323.797,1999.803,1999.803
396228.003,3988081.051,1999.815,1999.815
396177.564,3988284.728,1999.826,1999.826
396176.648,3988183.246,1999.828,1999.828
396195.444,3988338.530,1999.836,1999.836
396283.415,3988342.377,1999.862,1999.862
396199.089,3988103.659,1999.887,1999.887
396175.052,3988276.672,1999.896,1999.896
396182.053,3988156.874,1999.905,1999.905
396237.515,3988065.240,1999.909,1999.909
396208.164,3988098.548,1999.912,1999.912
396176.680,3988205.925,1999.916,1999.916
396195.555,3988112.283,1999.942,1999.942
396279.027,3988345.027,2000.001,2000.001
396176.167,3988189.942,2000.014,2000.014
396181.030,3988162.218,2000.038,2000.038
396225.962,3988090.723,2000.045,2000.045
396189.438,3988131.872,2000.046,2000.046
396179.402,3988173.656,2000.106,2000.106
396186.385,3988141.938,2000.152,2000.152
396189.721,3988138.056,2000.157,2000.157
396192.197,3988123.531,2000.166,2000.166
396173.659,3988268.816,2000.167,2000.167
396184.693,3988152.268,2000.183,2000.183
396227.162,3988377.047,2000.191,2000.191
396179.905,3988179.038,2000.245,2000.245
396180.337,3988186.659,2000.250,2000.250
396187.947,3988296.364,2000.271,2000.271
396231.387,3988373.787,2000.286,2000.286
396202.191,3988361.999,2000.315,2000.315
396170.802,3988246.235,2000.341,2000.341
396182.829,3988169.593,2000.352,2000.352
396170.086,3988238.910,2000.379,2000.379
396197.186,3988343.614,2000.392,2000.392
396235.002,3988370.173,2000.405,2000.405
396229.045,3988086.260,2000.407,2000.407
396239.638,3988367.484,2000.412,2000.412
396179.734,3988196.849,2000.421,2000.421
396181.044,3988191.944,2000.446,2000.446
396170.719,3988233.043,2000.489,2000.489
396211.395,3988379.531,2000.491,2000.491
396170.761,3988227.562,2000.534,2000.534
396195.903,3988120.130,2000.535,2000.535
396200.060,3988109.265,2000.538,2000.538
396246.578,3987936.300,2000.547,2000.547
396297.737,3988332.612,2000.593,2000.593
396174.749,3988261.585,2000.605,2000.605
396238.871,3987991.388,2000.607,2000.607
396244.620,3987964.886,2000.613,2000.613
396233.095,3988003.636,2000.698,2000.698
396253.483,3988357.706,2000.704,2000.704
396248.720,3988361.311,2000.758,2000.758
396172.891,3988219.473,2000.772,2000.772
396177.819,3988272.244,2000.830,2000.830
396236.829,3987999.437,2000.877,2000.877
396234.217,3988036.326,2000.976,2000.976
396232.354,3988041.075,2000.998,2000.998
396175.313,3988211.293,2001.120,2001.120
396173.441,3988250.490,2001.144,2001.144
396243.916,3987956.048,2001.213,2001.213
396236.064,3988013.948,2001.224,2001.224
396232.990,3988021.671,2001.251,2001.251
396233.824,3988053.428,2001.292,2001.292
396248.576,3987929.260,2001.315,2001.315
396193.525,3988128.397,2001.356,2001.356
396248.711,3987921.330,2001.462,2001.462
396236.648,3988076.052,2001.467,2001.467
396271.781,3988345.153,2001.487,2001.487
396287.083,3988338.490,2001.528,2001.528
396183.475,3988287.330,2001.621,2001.621
396192.855,3988303.576,2001.627,2001.627
396321.065,3988321.573,2001.633,2001.633
396219.824,3988379.788,2001.768,2001.768
396195.759,3988325.292,2001.784,2001.784
396176.027,3988256.506,2001.790,2001.790
396224.385,3988097.396,2001.838,2001.838
396222.152,3988374.498,2001.847,2001.847
396206.677,3988370.791,2001.926,2001.926
396249.861,3987977.795,2001.990,2001.990
396179.802,3988280.211,2002.005,2002.005
396233.601,3988046.036,2002.130,2002.130
396247.558,3987960.563,2002.159,2002.159
396204.445,3988357.042,2002.160,2002.160
396186.729,3988291.188,2002.164,2002.164
396204.128,3988106.320,2002.189,2002.189
396239.774,3987986.465,2002.200,2002.200
396185.413,3988165.050,2002.211,2002.211
396202.640,3988350.675,2002.223,2002.223
396207.849,3988363.743,2002.238,2002.238
396202.038,3988345.692,2002.247,2002.247
396211.268,3988373.283,2002.252,2002.252
396177.192,3988216.297,2002.268,2002.268
396186.569,3988160.178,2002.271,2002.271
396234.738,3988008.735,2002.295,2002.295
396247.967,3987941.561,2002.351,2002.351
396215.365,3988376.340,2002.528,2002.528
396187.827,3988148.164,2002.548,2002.548
396237.879,3988018.651,2002.612,2002.612
396301.326,3988328.058,2002.632,2002.632
396236.419,3988058.808,2002.719,2002.719
396191.468,3988143.918,2002.731,2002.731
396184.070,3988176.234,2002.749,2002.749
396235.514,3988026.581,2002.769,2002.769
396240.750,3988061.427,2002.801,2002.801
396193.887,3988134.699,2002.807,2002.807
396196.211,3988331.040,2002.824,2002.824
396192.451,3988315.584,2002.900,2002.900
396325.280,3988313.781,2002.920,2002.920
396194.798,3988320.042,2002.947,2002.947
396200.940,3988340.304,2002.972,2002.972
396243.153,3987982.548,2002.980,2002.980
396260.435,3988350.829,2003.049,2003.049
396234.085,3988084.679,2003.097,2003.097
396310.675,3988322.576,2003.109,2003.109
396184.083,3988182.598,2003.121,2003.121
396197.364,3988125.065,2003.143,2003.143
396238.573,3988004.665,2003.214,2003.214
396199.746,3988335.052,2003.239,2003.239
396178.460,3988265.619,2003.273,2003.273
396203.513,3988113.255,2003.275,2003.275
396241.638,3988068.399,2003.286,2003.286
396249.266,3987955.735,2003.289,2003.289
396174.712,3988224.272,2003.329,2003.329
396255.861,3988353.093,2003.340,2003.340
396240.771,3987996.235,2003.350,2003.350
396185.315,3988188.237,2003.362,2003.362
396201.310,3988121.480,2003.364,2003.364
396194.690,3988140.022,2003.364,2003.364
396213.604,3988101.165,2003.400,2003.400
396180.322,3988202.354,2003.410,2003.410
396181.694,3988275.404,2003.417,2003.417
396237.411,3988042.431,2003.508,2003.508
396174.708,3988242.035,2003.515,2003.515
396240.269,3988361.223,2003.544,2003.544
396209.481,3988104.119,2003.545,2003.545
396266.221,3988347.138,2003.559,2003.559
396237.817,3988032.795,2003.562,2003.562
396232.874,3988079.813,2003.636,2003.636
396184.773,3988282.414,2003.688,2003.688
396227.857,3988101.032,2003.706,2003.706
396189.132,3988155.510,2003.724,2003.724
396252.485,3987924.989,2003.799,2003.799
396229.071,3988094.871,2003.802,2003.802
396231.829,3988090.637,2003.809,2003.809
396174.703,3988236.420,2003.810,2003.810
396180.612,3988209.352,2003.835,2003.835
396254.081,3987932.535,2003.839,2003.839
396179.690,3988260.716,2003.935,2003.935
396177.474,3988246.487,2003.945,2003.945
396178.756,3988251.971,2003.994,2003.994
396185.388,3988194.566,2004.013,2004.013
396210.963,3988368.202,2004.026,2004.026
396249.418,3987970.734,2004.057,2004.057
396182.311,3988268.921,2004.159,2004.159
396175.526,3988230.668,2004.199,2004.199
396250.245,3987965.736,2004.213,2004.213
396239.841,3988037.697,2004.221,2004.221
396230.454,3988367.581,2004.288,2004.288
396304.729,3988324.324,2004.334,2004.334
396179.085,3988221.701,2004.348,2004.348
396217.543,3988371.743,2004.352,2004.352
396293.115,3988330.552,2004.384,2004.384
396226.042,3988370.811,2004.386,2004.386
396253.466,3987947.200,2004.397,2004.397
396220.584,3988101.021,2004.420,2004.420
396179.697,3988226.752,2004.431,2004.431
396288.684,3988333.643,2004.437,2004.437
396281.964,3988336.349,2004.474,2004.474
396194.069,3988298.726,2004.536,2004.536
396239.343,3988054.656,2004.578,2004.578
396244.713,3987987.466,2004.579,2004.579
396276.320,3988340.138,2004.581,2004.581
396188.248,3988173.203,2004.599,2004.599
396184.730,3988205.087,2004.660,2004.660
396185.378,3988199.818,2004.698,2004.698
396209.283,3988358.717,2004.713,2004.713
396242.897,3988001.122,2004.777,2004.777
396314.034,3988318.261,2004.779,2004.779
396191.007,3988168.977,2004.792,2004.792
396197.856,3988131.448,2004.860,2004.860
396244.483,3988357.988,2004.885,2004.885
396207.318,3988352.884,2004.911,2004.911
396190.463,3988163.780,2004.929,2004.929
396252.981,3987938.138,2004.947,2004.947
396239.958,3988009.560,2004.986,2004.986
396248.554,3987982.901,2005.031,2005.031
396192.233,3988150.985,2005.059,2005.059
396248.989,3988355.094,2005.061,2005.061
396244.739,3988018.388,2005.073,2005.073
396188.440,3988179.579,2005.105,2005.105
396205.845,3988342.434,2005.162,2005.162
396241.083,3988014.707,2005.166,2005.166
396188.450,3988286.124,2005.207,2005.207
396244.481,3987992.878,2005.240,2005.240
396199.781,3988321.332,2005.253,2005.253
396195.794,3988147.363,2005.312,2005.312
396234.438,3988364.235,2005.354,2005.354
396237.236,3988049.631,2005.358,2005.358
396200.330,3988328.047,2005.378,2005.378
396207.608,3988347.666,2005.423,2005.423
396249.205,3987990.647,2005.501,2005.501
396193.569,3988293.704,2005.531,2005.531
396199.108,3988136.380,2005.547,2005.547
396208.155,3988110.024,2005.599,2005.599
396180.335,3988233.338,2005.624,2005.624
396195.758,3988311.714,2005.651,2005.651
396205.194,3988118.269,2005.725,2005.725
396201.720,3988127.958,2005.736,2005.736
396254.579,3987981.401,2005.757,2005.757
396246.583,3987997.444,2005.819,2005.819
396206.072,3988123.865,2005.833,2005.833
396213.643,3988362.404,2005.850,2005.850
396221.349,3988368.129,2005.920,2005.920
396240.396,3988028.362,2005.985,2005.985
396183.473,3988219.274,2006.022,2006.022
396241.606,3988073.636,2006.040,2006.040
396254.672,3987958.213,2006.094,2006.094
396240.964,3988046.065,2006.116,2006.116
396216.209,3988366.870,2006.128,2006.128
396239.053,3988355.816,2006.142,2006.142
396209.147,3988115.016,2006.286,2006.286
396245.206,3988064.195,2006.323,2006.323
396182.190,3988214.249,2006.364,2006.364
396192.888,3988159.306,2006.391,2006.391
396186.609,3988272.754,2006.502,2006.502
396180.320,3988238.386,2006.625,2006.625
396189.079,3988184.678,2006.635,2006.635
396318.590,3988313.182,2006.659,2006.659
396187.239,3988277.844,2006.672,2006.672
396248.787,3988060.206,2006.678,2006.678
396198.481,3988316.217,2006.680,2006.680
396184.097,3988263.274,2006.710,2006.710
396252.340,3987995.079,2006.737,2006.737
396256.572,3987943.020,2006.790,2006.790
396182.059,3988243.425,2006.805,2006.805
396183.165,3988256.659,2006.810,2006.810
396192.381,3988176.330,2006.878,2006.878
396217.275,3988104.772,2006.917,2006.917
396182.864,3988248.474,2006.989,2006.989
396204.100,3988331.697,2007.026,2007.026
396244.088,3988006.060,2007.079,2007.079
396195.489,3988172.140,2007.150,2007.150
396197.935,3988301.905,2007.157,2007.157
396255.533,3988347.599,2007.178,2007.178
396261.429,3988345.564,2007.212,2007.212
396191.569,3988189.731,2007.230,2007.230
396231.687,3988104.280,2007.245,2007.245
396183.792,3988229.659,2007.287,2007.287
396199.082,3988143.284,2007.298,2007.298
396242.938,3988033.606,2007.322,2007.322
396212.923,3988108.149,2007.373,2007.373
396254.231,3987969.132,2007.389,2007.389
396225.899,3988365.139,2007.407,2007.407
396195.467,3988165.504,2007.510,2007.510
396294.515,3988325.584,2007.558,2007.558
396196.539,3988155.409,2007.564,2007.564
396283.748,3988331.280,2007.586,2007.586
396305.939,3988319.412,2007.622,2007.622
396184.600,3988224.387,2007.641,2007.641
396244.761,3988011.034,2007.652,2007.652
396234.539,3988358.797,2007.662,2007.662
396299.270,3988322.794,2007.694,2007.694
396204.073,3988324.188,2007.710,2007.710
396229.844,3988361.788,2007.713,2007.713
396219.957,3988363.223,2007.757,2007.757
396213.428,3988354.317,2007.759,2007.759
396210.040,3988120.120,2007.763,2007.763
396265.013,3988341.369,2007.780,2007.780
396270.095,3988340.140,2007.802,2007.802
396212.763,3988349.360,2007.810,2007.810
396209.356,3988338.798,2007.815,2007.815
396236.757,3988089.485,2007.836,2007.836
396217.363,3988358.667,2007.840,2007.840
396198.192,3988307.260,2007.853,2007.853
396193.431,3988288.543,2007.910,2007.910
396206.431,3988129.795,2007.925,2007.925
396204.371,3988134.562,2007.992,2007.992
396252.776,3987986.770,2008.041,2008.041
396211.569,3988343.633,2008.048,2008.048
396224.986,3988360.023,2008.051,2008.051
396199.720,3988151.523,2008.129,2008.129
396243.506,3988041.687,2008.173,2008.173
396203.468,3988139.574,2008.221,2008.221
396260.435,3987931.559,2008.230,2008.230
396232.826,3988099.022,2008.355,2008.355
396243.387,3988352.644,2008.368,2008.368
396239.291,3988080.403,2008.369,2008.369
396322.832,3988308.783,2008.403,2008.403
396258.543,3987954.658,2008.415,2008.415
396253.908,3987974.599,2008.435,2008.435
396190.945,3988207.381,2008.474,2008.474
396257.571,3987964.336,2008.498,2008.498
396249.678,3988349.995,2008.503,2008.503
396189.890,3988202.372,2008.531,2008.531
396252.293,3988056.565,2008.532,2008.532
396190.398,3988195.926,2008.567,2008.567
396187.364,3988267.468,2008.578,2008.578
396194.379,3988199.051,2008.583,2008.583
396208.761,3988333.652,2008.681,2008.681
396200.983,3988311.886,2008.860,2008.860
396186.538,3988210.722,2008.878,2008.878
396186.565,3988252.986,2008.882,2008.882
396197.938,3988160.707,2008.891,2008.891
396191.874,3988281.779,2008.907,2008.907
396187.049,3988245.523,2008.965,2008.965
396184.736,3988235.776,2008.966,2008.966
396195.342,3988193.725,2008.977,2008.977
396186.504,3988240.455,2008.977,2008.977
396223.234,3988105.340,2009.018,2009.018
396247.827,3988054.040,2009.037,2009.037
396188.979,3988221.791,2009.070,2009.070
396189.161,3988216.295,2009.072,2009.072
396249.065,3988002.126,2009.180,2009.180
396277.138,3988333.722,2009.210,2009.210
396198.475,3988295.900,2009.238,2009.238
396214.705,3988112.920,2009.291,2009.291
396194.224,3988182.017,2009.318,2009.318
396207.827,3988327.671,2009.347,2009.347
396196.003,3988186.985,2009.383,2009.383
396189.072,3988227.669,2009.537,2009.537
396202.824,3988147.458,2009.578,2009.578
396187.599,3988259.681,2009.679,2009.679
396243.449,3988050.419,2009.685,2009.685
396197.253,3988177.806,2009.722,2009.722
396199.470,3988168.796,2009.741,2009.741
396254.181,3988062.920,2009.785,2009.785
396215.019,3988117.980,2009.829,2009.829
396193.340,3988212.580,2009.830,2009.830
396287.234,3988327.503,2009.850,2009.850
396210.343,3988126.638,2009.862,2009.862
396219.704,3988109.557,2009.869,2009.869
396237.822,3988350.563,2009.871,2009.871
396191.601,3988270.515,2009.897,2009.897
396245.337,3988025.297,2009.903,2009.903
396202.189,3988156.829,2009.933,2009.933
396249.424,3988007.280,2010.004,2010.004
396204.118,3988318.734,2010.004,2010.004
396214.100,3988123.064,2010.122,2010.122
396200.458,3988173.763,2010.151,2010.151
396216.375,3988345.644,2010.176,2010.176
396264.837,3987934.523,2010.234,2010.234
396198.537,3988290.767,2010.257,2010.257
396218.851,3988350.144,2010.258,2010.258
396220.955,3988355.092,2010.266,2010.266
396233.708,3988353.776,2010.273,2010.273
396271.673,3988334.743,2010.323,2010.323
396209.100,3988136.508,2010.330,2010.330
396189.142,3988233.383,2010.357,2010.357
396211.659,3988131.522,2010.357,2010.357
396192.895,3988275.458,2010.374,2010.374
396229.208,3988356.535,2010.406,2010.406
396256.522,3988342.647,2010.458,2010.458
396314.708,3988309.396,2010.468,2010.468
396246.090,3988071.160,2010.477,2010.477
396194.186,3988219.295,2010.490,2010.490
396240.262,3988085.897,2010.539,2010.539
396208.341,3988321.509,2010.558,2010.558
396244.793,3988078.166,2010.603,2010.603
396207.204,3988143.409,2010.719,2010.719
396204.792,3988152.439,2010.740,2010.740
396262.658,3987940.366,2010.770,2010.770
396259.241,3987969.135,2010.795,2010.795
396247.001,3988030.053,2010.851,2010.851
396250.297,3988033.882,2011.002,2011.002
396249.127,3988021.771,2011.039,2011.039
396202.907,3988305.063,2011.137,2011.137
396250.525,3988013.402,2011.139,2011.139
396263.898,3987945.865,2011.153,2011.153
396196.748,3988284.508,2011.199,2011.199
396257.479,3988059.155,2011.201,2011.201
396261.676,3987960.606,2011.213,2011.213
396258.118,3987977.774,2011.403,2011.403
396214.147,3988335.686,2011.442,2011.442
396191.601,3988238.239,2011.449,2011.449
396255.977,3987990.645,2011.497,2011.497
396248.363,3988047.083,2011.504,2011.504
396235.943,3988094.810,2011.537,2011.537
396202.568,3988164.444,2011.555,2011.555
396190.422,3988249.453,2011.588,2011.588
396197.232,3988203.960,2011.630,2011.630
396254.740,3988030.968,2011.632,2011.632
396278.962,3988329.025,2011.637,2011.637
396249.834,3988042.215,2011.669,2011.669
396216.062,3988340.638,2011.729,2011.729
396191.573,3988243.388,2011.733,2011.733
396199.724,3988190.544,2011.752,2011.752
396246.770,3988037.795,2011.764,2011.764
396254.126,3987999.852,2011.849,2011.849
396251.189,3988345.028,2011.867,2011.867
396230.866,3988348.871,2011.872,2011.872
396236.564,3988102.513,2011.873,2011.873
396207.825,3988148.389,2011.876,2011.876
396227.782,3988108.132,2011.906,2011.906
396257.840,3987985.475,2011.911,2011.911
396207.848,3988314.004,2011.914,2011.914
396193.408,3988224.234,2011.927,2011.927
396191.565,3988263.756,2011.998,2011.998
396251.166,3988026.794,2012.031,2012.031
396264.338,3988336.155,2012.064,2012.064
396260.102,3988338.908,2012.111,2012.111
396254.240,3988004.941,2012.160,2012.160
396244.510,3988347.719,2012.198,2012.198
396235.333,3988107.897,2012.206,2012.206
396219.801,3988114.957,2012.225,2012.225
396216.005,3988128.953,2012.232,2012.232
396225.978,3988352.578,2012.349,2012.349
396240.993,3988092.594,2012.387,2012.387
396202.188,3988299.269,2012.505,2012.505
396190.954,3988255.580,2012.553,2012.553
396273.399,3988330.044,2012.558,2012.558
396219.125,3988120.948,2012.572,2012.572
396253.474,3988038.406,2012.662,2012.662
396252.822,3988018.259,2012.662,2012.662
396254.413,3988009.958,2012.671,2012.671
396250.346,3988068.072,2012.684,2012.684
396285.864,3988322.671,2012.690,2012.690
396322.935,3988303.595,2012.718,2012.718
396244.783,3988083.535,2012.742,2012.742
396307.196,3988314.373,2012.757,2012.757
396223.925,3988347.948,2012.845,2012.845
396299.539,3988317.676,2012.849,2012.849
396261.743,3987973.976,2012.858,2012.858
396220.780,3988342.862,2012.881,2012.881
396224.075,3988112.273,2012.985,2012.985
396290.521,3988320.660,2012.998,2012.998
396252.837,3988050.422,2012.998,2012.998
396212.388,3988325.144,2013.096,2013.096
396197.946,3988209.348,2013.117,2013.117
396254.141,3988045.508,2013.120,2013.120
396214.148,3988330.314,2013.125,2013.125
396308.969,3988309.497,2013.131,2013.131
396257.920,3987995.308,2013.141,2013.141
396197.350,3988279.313,2013.141,2013.141
396249.082,3988075.416,2013.221,2013.221
396204.797,3988170.327,2013.223,2013.223
396193.560,3988230.581,2013.223,2013.223
396244.762,3988088.863,2013.251,2013.251
396257.282,3988054.067,2013.268,2013.268
396199.753,3988197.708,2013.295,2013.295
396205.954,3988160.558,2013.462,2013.462
396281.163,3988324.458,2013.480,2013.480
396251.813,3988339.980,2013.524,2013.524
396239.708,3988098.423,2013.586,2013.586
396211.723,3988317.443,2013.667,2013.667
396202.253,3988179.206,2013.740,2013.740
396196.268,3988235.247,2013.753,2013.753
396211.691,3988151.761,2013.906,2013.906
396209.674,3988156.393,2013.926,2013.926
396198.201,3988214.918,2013.945,2013.945
396204.189,3988187.637,2013.975,2013.975
396220.505,3988337.648,2014.003,2014.003
396203.542,3988194.225,2014.050,2014.050
396207.856,3988165.467,2014.059,2014.059
396198.988,3988220.760,2014.065,2014.065
396212.714,3988145.595,2014.068,2014.068
396213.362,3988140.454,2014.143,2014.143
396216.159,3988136.020,2014.185,2014.185
396220.165,3988125.956,2014.258,2014.258
396202.251,3988202.708,2014.298,2014.298
396219.067,3988332.647,2014.373,2014.373
396223.479,3988118.488,2014.488,2014.488
396294.524,3988316.978,2014.501,2014.501
396219.698,3988132.411,2014.513,2014.513
396234.090,3988343.915,2014.528,2014.528
396206.473,3988175.899,2014.540,2014.540
396197.304,3988272.290,2014.568,2014.568
396239.439,3988345.697,2014.618,2014.618
396203.468,3988293.228,2014.694,2014.694
396249.142,3988080.694,2014.707,2014.707
396196.110,3988267.314,2014.755,2014.755
396231.621,3988111.682,2014.786,2014.786
396202.833,3988288.015,2014.904,2014.904
396228.402,3988344.440,2014.967,2014.967
396268.293,3987958.997,2014.970,2014.970
396269.843,3987963.813,2015.002,2015.002
396246.026,3988342.619,2015.062,2015.062
396197.839,3988227.300,2015.066,2015.066
396265.271,3987980.361,2015.113,2015.113
396241.606,3988104.235,2015.157,2015.157
396194.711,3988259.429,2015.160,2015.160
396269.634,3987948.928,2015.160,2015.160
396264.989,3987969.998,2015.163,2015.163
396270.847,3987954.087,2015.167,2015.167
396202.845,3988207.770,2015.173,2015.173
396225.191,3988339.988,2015.181,2015.181
396195.353,3988247.132,2015.244,2015.244
396267.145,3987975.174,2015.251,2015.251
396262.938,3987992.510,2015.317,2015.317
396207.199,3988302.082,2015.319,2015.319
396241.011,3988109.570,2015.333,2015.333
396196.785,3988240.497,2015.343,2015.343
396263.049,3987997.987,2015.356,2015.356
396201.637,3988283.095,2015.378,2015.378
396262.512,3987987.474,2015.403,2015.403
396258.786,3988027.802,2015.413,2015.413
396194.741,3988252.242,2015.444,2015.444
396236.483,3988112.902,2015.452,2015.452
396272.767,3987944.877,2015.470,2015.470
396256.595,3988067.690,2015.487,2015.487
396255.387,3988023.939,2015.505,2015.505
396259.037,3988007.599,2015.547,2015.547
396257.069,3988014.759,2015.553,2015.553
396268.935,3987940.861,2015.571,2015.571
396262.711,3988003.354,2015.593,2015.593
396215.576,3988320.694,2015.687,2015.687
396259.148,3988019.741,2015.689,2015.689
396228.549,3988116.024,2015.713,2015.713
396255.369,3988336.209,2015.733,2015.733
396259.939,3988333.755,2015.812,2015.812
396217.909,3988326.262,2015.834,2015.834
396267.927,3987984.829,2015.840,2015.840
396312.084,3988304.762,2015.848,2015.848
396210.445,3988306.418,2015.994,2015.994
396274.583,3988324.229,2016.105,2016.105
396230.642,3988339.926,2016.148,2016.148
396264.682,3988331.028,2016.150,2016.150
396302.008,3988309.833,2016.240,2016.240
396212.840,3988311.086,2016.266,2016.266
396261.505,3988032.127,2016.284,2016.284
396260.321,3988063.533,2016.385,2016.385
396206.896,3988183.007,2016.408,2016.408
396210.370,3988172.342,2016.441,2016.441
396244.810,3988100.234,2016.454,2016.454
396208.444,3988191.374,2016.458,2016.458
396217.438,3988143.928,2016.473,2016.473
396211.981,3988162.332,2016.487,2016.487
396257.868,3988049.080,2016.496,2016.496
396205.935,3988198.897,2016.511,2016.511
396203.121,3988212.849,2016.522,2016.522
396210.488,3988179.083,2016.547,2016.547
396262.831,3988057.139,2016.580,2016.580
396216.461,3988148.924,2016.590,2016.590
396214.833,3988157.901,2016.596,2016.596
396216.752,3988314.462,2016.689,2016.689
396212.968,3988167.406,2016.689,2016.689
396203.447,3988217.940,2016.714,2016.714
396224.651,3988130.735,2016.726,2016.726
396224.690,3988123.359,2016.770,2016.770
396253.699,3988072.321,2016.794,2016.794
396220.933,3988139.328,2016.807,2016.807
396268.641,3988327.945,2016.924,2016.924
396223.757,3988330.489,2016.930,2016.930
396207.271,3988297.027,2016.963,2016.963
396229.737,3988120.947,2017.020,2017.020
396202.038,3988239.926,2017.134,2017.134
396201.624,3988275.715,2017.180,2017.180
396200.331,3988231.924,2017.245,2017.245
396202.567,3988224.700,2017.256,2017.256
396317.788,3988303.879,2017.286,2017.286
396259.527,3988043.944,2017.312,2017.312
396296.732,3988312.430,2017.325,2017.325
396226.197,3988334.956,2017.334,2017.334
396207.209,3988204.037,2017.384,2017.384
396240.709,3988340.773,2017.453,2017.453
396257.941,3988035.715,2017.466,2017.466
396277.808,3988320.370,2017.481,2017.481
396217.875,3988153.721,2017.484,2017.484
396224.830,3988135.870,2017.545,2017.545
396249.145,3988086.182,2017.558,2017.558
396247.559,3988337.273,2017.673,2017.673
396200.329,3988244.729,2017.796,2017.796
396199.048,3988263.168,2017.848,2017.848
396284.555,3988316.266,2017.899,2017.899
396245.947,3988094.880,2018.202,2018.202
396254.078,3988077.412,2018.265,2018.265
396263.564,3988011.809,2018.351,2018.351
396207.822,3988209.355,2018.435,2018.435
396210.805,3988186.939,2018.458,2018.458
396201.384,3988267.960,2018.507,2018.507
396249.689,3988091.250,2018.524,2018.524
396222.203,3988323.116,2018.642,2018.642
396207.814,3988289.960,2018.689,2018.689
396198.469,3988255.629,2018.730,2018.730
396290.243,3988312.964,2018.788,2018.788
396254.078,3988083.883,2018.915,2018.915
396217.294,3988308.220,2018.935,2018.935
396266.001,3988007.412,2019.007,2019.007
396269.234,3987989.778,2019.014,2019.014
396205.371,3988279.531,2019.028,2019.028
396233.474,3988117.350,2019.106,2019.106
396265.387,3988061.657,2019.108,2019.108
396228.451,3988127.173,2019.135,2019.135
396268.279,3988001.986,2019.188,2019.188
396318.887,3988298.218,2019.200,2019.200
396273.049,3987971.480,2019.225,2019.225
396199.785,3988250.742,2019.246,2019.246
396211.889,3988201.184,2019.252,2019.252
396214.487,3988182.879,2019.255,2019.255
396215.106,3988175.940,2019.258,2019.258
396263.525,3988023.060,2019.281,2019.281
396211.743,3988299.288,2019.303,2019.303
396261.572,3988039.293,2019.356,2019.356
396241.108,3988116.051,2019.358,2019.358
396208.098,3988214.841,2019.383,2019.383
396271.814,3987980.664,2019.403,2019.403
396204.350,3988235.248,2019.430,2019.430
396210.316,3988196.220,2019.450,2019.450
396216.856,3988171.177,2019.458,2019.458
396207.007,3988221.879,2019.460,2019.460
396219.171,3988161.338,2019.464,2019.464
396206.608,3988229.253,2019.520,2019.520
396264.026,3988017.376,2019.530,2019.530
396277.664,3987953.595,2019.538,2019.538
396217.910,3988166.178,2019.555,2019.555
396232.835,3988334.439,2019.630,2019.630
396242.443,3988336.082,2019.711,2019.711
396225.964,3988140.796,2019.746,2019.746
396221.643,3988318.135,2019.750,2019.750
396262.849,3988052.079,2019.787,2019.787
396249.077,3988102.969,2019.801,2019.801
396223.360,3988145.190,2019.813,2019.813
396250.432,3988333.128,2019.821,2019.821
396221.811,3988150.146,2019.824,2019.824
396214.721,3988303.471,2019.981,2019.981
396207.786,3988284.357,2019.982,2019.982
396229.568,3988132.454,2020.006,2020.006
396234.140,3988123.472,2020.027,2020.027
396255.768,3988330.091,2020.040,2020.040
396237.489,3988336.848,2020.188,2020.188
396221.584,3988311.365,2020.352,2020.352
396264.096,3988046.764,2020.380,2020.380
396270.216,3988321.564,2020.410,2020.410
396226.658,3988326.352,2020.441,2020.441
396222.205,3988157.037,2020.447,2020.447
396212.235,3988206.546,2020.481,2020.481
396211.855,3988293.827,2020.495,2020.495
396230.248,3988329.863,2020.567,2020.567
396205.233,3988271.776,2020.625,2020.625
396215.077,3988193.250,2020.831,2020.831
396245.939,3988107.318,2020.894,2020.894
396258.538,3988074.219,2021.022,2021.022
396279.058,3987966.080,2021.048,2021.048
396219.215,3988180.256,2021.060,2021.060
396215.966,3988188.243,2021.071,2021.071
396261.140,3988069.797,2021.147,2021.147
396265.273,3988028.410,2021.156,2021.156
396202.862,3988259.465,2021.206,2021.206
396312.424,3988299.420,2021.211,2021.211
396250.948,3988096.728,2021.430,2021.430
396207.194,3988243.825,2021.438,2021.438
396268.469,3988014.727,2021.486,2021.486
396272.550,3987998.096,2021.487,2021.487
396303.889,3988304.893,2021.498,2021.498
396209.142,3988233.755,2021.506,2021.506
396254.737,3988089.164,2021.519,2021.519
396260.139,3988327.607,2021.549,2021.549
396204.143,3988248.095,2021.646,2021.646
396296.480,3988306.349,2021.688,2021.688
396258.259,3988080.470,2021.734,2021.734
396273.795,3987993.167,2021.740,2021.740
396212.868,3988212.377,2021.763,2021.763
396226.779,3988319.542,2021.779,2021.779
396276.977,3987976.510,2021.908,2021.908
396210.944,3988225.944,2022.005,2022.005
396209.578,3988238.817,2022.007,2022.007
396211.631,3988219.164,2022.098,2022.098
396270.547,3988009.941,2022.170,2022.170
396239.485,3988331.950,2022.193,2022.193
396275.366,3987988.242,2022.243,2022.243
396255.397,3988094.238,2022.250,2022.250
396245.311,3988112.964,2022.267,2022.267
396280.984,3987957.914,2022.268,2022.268
396227.268,3988148.390,2022.283,2022.283
396307.067,3988300.276,2022.312,2022.312
396234.105,3988128.974,2022.314,2022.314
396203.781,3988253.917,2022.318,2022.318
396279.331,3987971.404,2022.387,2022.387
396208.756,3988275.737,2022.491,2022.491
396238.450,3988120.860,2022.515,2022.515
396263.993,3988323.858,2022.554,2022.554
396277.296,3987983.197,2022.587,2022.587
396265.968,3988035.555,2022.678,2022.678
396265.346,3988066.681,2022.699,2022.699
396259.086,3988085.924,2022.992,2022.992
396206.364,3988263.410,2023.092,2023.092
396232.196,3988137.788,2023.100,2023.100
396272.776,3988317.041,2023.101,2023.101
396211.090,3988280.296,2023.115,2023.115
396245.415,3988330.551,2023.244,2023.244
396272.869,3988005.050,2023.268,2023.268
396221.171,3988174.026,2023.293,2023.293
396226.148,3988160.139,2023.324,2023.324
396235.548,3988134.045,2023.371,2023.371
396225.091,3988170.242,2023.388,2023.388
396226.580,3988314.532,2023.399,2023.399
396267.604,3988054.473,2023.429,2023.429
396217.167,3988298.537,2023.432,2023.432
396223.901,3988165.155,2023.445,2023.445
396277.050,3988313.920,2023.485,2023.485
396226.651,3988153.387,2023.494,2023.494
396219.927,3988303.191,2023.529,2023.529
396216.198,3988216.722,2023.546,2023.546
396231.191,3988144.667,2023.569,2023.569
396238.519,3988126.577,2023.580,2023.580
396215.253,3988222.994,2023.599,2023.599
396220.871,3988190.702,2023.644,2023.644
396217.313,3988209.204,2023.645,2023.645
396223.921,3988178.475,2023.656,2023.656
396221.370,3988185.709,2023.672,2023.672
396230.964,3988156.172,2023.689,2023.689
396266.612,3988041.072,2023.701,2023.701
396217.596,3988203.604,2023.798,2023.798
396269.090,3988025.135,2023.819,2023.819
396235.373,3988141.876,2023.851,2023.851
396270.389,3988020.129,2023.865,2023.865
396262.854,3988077.313,2023.891,2023.891
396217.217,3988198.130,2023.954,2023.954
396270.337,3988058.960,2024.006,2024.006
396251.108,3988327.829,2024.084,2024.084
396288.531,3988308.155,2024.166,2024.166
396214.875,3988289.459,2024.168,2024.168
396265.611,3988072.601,2024.258,2024.258
396269.885,3988064.044,2024.316,2024.316
396225.965,3988183.184,2024.333,2024.333
396213.495,3988230.611,2024.378,2024.378
396254.110,3988100.659,2024.400,2024.400
396223.239,3988195.226,2024.417,2024.417
396230.996,3988323.713,2024.478,2024.478
396209.198,3988268.231,2024.588,2024.588
396282.984,3987962.649,2024.619,2024.619
396281.372,3988311.113,2024.665,2024.665
396250.348,3988110.069,2024.834,2024.834
396214.142,3988284.342,2024.860,2024.860
396234.830,3988327.624,2024.877,2024.877
396269.710,3988031.691,2024.904,2024.904
396246.096,3988118.131,2024.905,2024.905
396259.709,3988090.945,2024.911,2024.911
396221.953,3988200.639,2024.946,2024.946
396236.777,3988315.210,2024.957,2024.957
396231.327,3988316.170,2025.030,2025.030
396233.359,3988311.502,2025.049,2025.049
396253.458,3988105.657,2025.100,2025.100
396241.109,3988318.248,2025.104,2025.104
396245.764,3988320.479,2025.156,2025.156
396243.101,3988313.477,2025.158,2025.158
396255.616,3988324.951,2025.158,2025.158
396231.150,3988306.909,2025.159,2025.159
396233.483,3988301.738,2025.173,2025.173
396239.061,3988310.328,2025.202,2025.202
396258.962,3988320.744,2025.205,2025.205
396218.855,3988293.701,2025.216,2025.216
396266.441,3988309.793,2025.219,2025.219
396240.550,3988323.342,2025.220,2025.220
396220.440,3988213.808,2025.221,2025.221
396218.903,3988285.949,2025.222,2025.222
396250.754,3988322.716,2025.236,2025.236
396229.424,3988290.601,2025.236,2025.236
396246.261,3988325.540,2025.237,2025.237
396253.017,3988318.192,2025.240,2025.240
396236.684,3988305.673,2025.260,2025.260
396223.021,3988283.056,2025.269,2025.269
396227.036,3988286.180,2025.270,2025.270
396257.276,3988304.456,2025.276,2025.276
396237.189,3988281.551,2025.278,2025.278
396258.326,3988309.757,2025.287,2025.287
396223.401,3988277.132,2025.289,2025.289
396242.530,3988295.475,2025.295,2025.295
396239.980,3988301.715,2025.295,2025.295
396219.711,3988273.751,2025.296,2025.296
396262.253,3988306.386,2025.299,2025.299
396232.056,3988283.730,2025.299,2025.299
396250.598,3988302.239,2025.302,2025.302
396236.671,3988297.630,2025.304,2025.304
396234.573,3988288.130,2025.304,2025.304
396232.357,3988294.788,2025.306,2025.306
396228.630,3988298.182,2025.316,2025.316
396246.036,3988304.575,2025.320,2025.320
396214.271,3988270.876,2025.322,2025.322
396227.356,3988280.385,2025.322,2025.322
396228.307,3988274.787,2025.323,2025.323
396261.225,3988300.883,2025.325,2025.325
396267.145,3988303.780,2025.327,2025.327
396247.918,3988315.796,2025.333,2025.333
396250.754,3988296.939,2025.335,2025.335
396224.496,3988271.224,2025.339,2025.339
396219.291,3988268.697,2025.340,2025.340
396257.695,3988315.709,2025.343,2025.343
396232.070,3988278.466,2025.346,2025.346
396227.314,3988303.096,2025.346,2025.346
396223.106,3988289.440,2025.346,2025.346
396268.468,3988049.467,2025.356,2025.356
396211.381,3988261.819,2025.357,2025.357
396262.247,3988313.490,2025.357,2025.357
396222.776,3988298.844,2025.358,2025.358
396237.084,3988276.523,2025.359,2025.359
396218.898,3988279.885,2025.360,2025.360
396252.764,3988307.030,2025.365,2025.365
396237.366,3988292.612,2025.365,2025.365
396224.289,3988266.014,2025.366,2025.366
396214.787,3988265.513,2025.369,2025.369
396229.575,3988269.400,2025.371,2025.371
396255.905,3988299.580,2025.373,2025.373
396216.092,3988259.756,2025.379,2025.379
396220.108,3988263.067,2025.379,2025.379
396245.704,3988299.409,2025.391,2025.391
396239.783,3988286.017,2025.391,2025.391
396214.990,3988276.212,2025.394,2025.394
396233.605,3988272.622,2025.400,2025.400
396258.373,3988295.080,2025.401,2025.401
396213.849,3988241.941,2025.418,2025.418
396229.374,3988167.161,2025.420,2025.420
396242.426,3988290.383,2025.421,2025.421
396225.192,3988260.981,2025.426,2025.426
396263.642,3988318.564,2025.446,2025.446
396235.114,3988320.268,2025.451,2025.451
396229.252,3988264.221,2025.456,2025.456
396263.567,3988296.277,2025.464,2025.464
396248.426,3988309.658,2025.464,2025.464
396255.996,3988287.954,2025.476,2025.476
396276.849,3988001.034,2025.479,2025.479
396281.172,3987980.012,2025.491,2025.491
396267.490,3988314.708,2025.492,2025.492
396271.128,3988306.872,2025.493,2025.493
396225.318,3988294.390,2025.495,2025.495
396272.162,3988312.032,2025.508,2025.508
396253.374,3988312.068,2025.517,2025.517
396213.576,3988255.394,2025.527,2025.527
396272.341,3988301.954,2025.540,2025.540
396230.598,3988259.260,2025.557,2025.557
396261.270,3988290.945,2025.560,2025.560
396268.047,3988298.800,2025.563,2025.563
396283.246,3988306.013,2025.589,2025.589
396254.416,3988283.082,2025.593,2025.593
396233.997,3988151.417,2025.600,2025.600
396243.089,3988263.485,2025.603,2025.603
396275.959,3988308.596,2025.616,2025.616
396267.610,3988293.286,2025.617,2025.617
396247.859,3988271.313,2025.634,2025.634
396278.247,3988303.971,2025.642,2025.642
396208.359,3988257.338,2025.648,2025.648
396276.308,3988298.900,2025.649,2025.649
396277.864,3987996.112,2025.678,2025.678
396239.962,3988250.088,2025.731,2025.731
396218.112,3988245.704,2025.755,2025.755
396281.583,3988299.896,2025.760,2025.760
396215.833,3988250.161,2025.762,2025.762
396291.784,3988303.913,2025.763,2025.763
396220.780,3988257.987,2025.769,2025.769
396272.225,3988295.756,2025.777,2025.777
396296.131,3988301.058,2025.788,2025.788
396286.789,3988302.444,2025.805,2025.805
396209.327,3988252.399,2025.823,2025.823
396225.268,3988246.326,2025.832,2025.832
396234.906,3988240.429,2025.834,2025.834
396222.075,3988242.382,2025.835,2025.835
396225.620,3988255.792,2025.847,2025.847
396221.429,3988249.719,2025.850,2025.850
396244.104,3988282.942,2025.865,2025.865
396211.339,3988247.155,2025.872,2025.872
396236.722,3988267.451,2025.880,2025.880
396295.952,3988294.936,2025.882,2025.882
396223.089,3988229.387,2025.899,2025.899
396231.381,3988244.300,2025.901,2025.901
396275.161,3988057.008,2025.905,2025.905
396279.948,3988295.023,2025.906,2025.906
396227.162,3988240.731,2025.920,2025.920
396231.030,3988254.257,2025.923,2025.923
396253.943,3988292.637,2025.927,2025.927
396286.564,3988297.353,2025.928,2025.928
396247.446,3988266.263,2025.929,2025.929
396291.679,3988298.697,2025.930,2025.930
396248.530,3988292.389,2025.932,2025.932
396238.453,3988244.496,2025.938,2025.938
396235.018,3988248.412,2025.942,2025.942
396300.484,3988297.998,2025.946,2025.946
396223.632,3988236.778,2025.950,2025.950
396226.082,3988210.915,2025.957,2025.957
396234.772,3988262.369,2025.959,2025.959
396239.212,3988271.868,2025.961,2025.961
396221.507,3988223.680,2025.962,2025.962
396231.117,3988236.874,2025.969,2025.969
396240.166,3988259.311,2025.970,2025.970
396304.140,3988293.617,2025.973,2025.973
396250.203,3988279.631,2025.974,2025.974
396246.652,3988287.645,2025.976,2025.976
396231.574,3988218.807,2025.982,2025.982
396227.372,3988216.076,2025.982,2025.982
396227.802,3988226.374,2025.984,2025.984
396222.308,3988218.719,2025.988,2025.988
396271.006,3988038.332,2025.991,2025.991
396226.918,3988221.336,2025.995,2025.995
396235.692,3988234.208,2025.997,2025.997
396242.191,3988278.123,2025.998,2025.998
396227.179,3988233.209,2026.004,2026.004
396272.625,3988052.690,2026.017,2026.017
396231.221,3988212.553,2026.026,2026.026
396282.551,3988034.101,2026.032,2026.032
396218.148,3988227.572,2026.032,2026.032
396278.737,3988038.162,2026.036,2026.036
396222.132,3988207.798,2026.039,2026.039
396309.078,3988291.942,2026.040,2026.040
396229.722,3988207.428,2026.046,2026.046
396274.112,3988016.646,2026.053,2026.053
396275.123,3988048.016,2026.057,2026.057
396275.453,3988011.681,2026.058,2026.058
396282.871,3987975.251,2026.059,2026.059
396278.487,3988052.354,2026.066,2026.066
396274.432,3988034.667,2026.074,2026.074
396278.944,3988044.738,2026.075,2026.075
396219.146,3988233.662,2026.078,2026.078
396232.610,3988224.338,2026.096,2026.096
396278.394,3988031.207,2026.096,2026.096
396274.844,3988041.783,2026.098,2026.098
396312.069,3988287.533,2026.102,2026.102
396270.522,3988044.537,2026.109,2026.109
396233.193,3988229.746,2026.117,2026.117
396279.875,3987991.310,2026.118,2026.118
396225.958,3988203.757,2026.119,2026.119
396284.479,3988028.419,2026.132,2026.132
396242.977,3988254.359,2026.165,2026.165
396279.430,3988026.265,2026.166,2026.166
396285.071,3987967.362,2026.168,2026.168
396245.320,3988258.959,2026.186,2026.186
396273.878,3988028.245,2026.232,2026.232
396251.569,3988274.717,2026.259,2026.259
396283.111,3988022.730,2026.262,2026.262
396225.987,3988189.119,2026.274,2026.274
396283.242,3988016.620,2026.275,2026.275
396284.900,3988292.528,2026.292,2026.292
396218.442,3988238.710,2026.319,2026.319
396278.699,3988019.639,2026.331,2026.331
396275.175,3988023.407,2026.350,2026.350
396281.810,3988003.944,2026.360,2026.360
396228.462,3988174.331,2026.378,2026.378
396280.436,3988012.295,2026.378,2026.378
396289.863,3987990.947,2026.391,2026.391
396284.165,3988008.940,2026.394,2026.394
396288.738,3987985.334,2026.421,2026.421
396287.900,3988013.410,2026.427,2026.427
396287.331,3988002.323,2026.429,2026.429
396285.842,3987994.884,2026.443,2026.443
396230.253,3988179.879,2026.448,2026.448
396227.404,3988198.838,2026.450,2026.450
396230.085,3988186.052,2026.452,2026.452
396282.591,3987998.995,2026.452,2026.452
396231.035,3988162.222,2026.455,2026.455
396284.663,3987989.638,2026.457,2026.457
396292.445,3987981.063,2026.466,2026.466
396277.693,3988007.200,2026.471,2026.471
396287.217,3987972.061,2026.486,2026.486
396234.086,3988176.319,2026.504,2026.504
396275.417,3988062.090,2026.545,2026.545
396289.917,3987976.495,2026.566,2026.566
396282.793,3987984.946,2026.576,2026.576
396286.472,3987980.589,2026.583,2026.583
396299.841,3988290.963,2026.600,2026.600
396252.798,3988114.577,2026.603,2026.603
396220.546,3988236.584,2026.642,2026.642
396232.829,3988170.906,2026.654,2026.654
396290.320,3987998.066,2026.656,2026.656
396251.883,3988119.777,2026.664,2026.664
396228.318,3988193.583,2026.673,2026.673
396290.618,3988293.771,2026.673,2026.673
396251.449,3988127.419,2026.686,2026.686
396245.308,3988141.235,2026.738,2026.738
396248.101,3988131.335,2026.742,2026.742
396246.326,3988136.260,2026.764,2026.764
396247.426,3988123.777,2026.784,2026.784
396265.190,3988089.857,2026.809,2026.809
396240.921,3988150.272,2026.825,2026.825
396261.220,3988108.301,2026.830,2026.830
396234.821,3988166.241,2026.833,2026.833
396315.438,3988283.782,2026.835,2026.835
396239.800,3988137.868,2026.853,2026.853
396234.771,3988182.715,2026.862,2026.862
396244.648,3988146.502,2026.865,2026.865
396256.258,3988109.846,2026.877,2026.877
396242.284,3988133.317,2026.877,2026.877
396263.231,3988101.652,2026.878,2026.878
396269.433,3988086.438,2026.887,2026.887
396240.293,3988143.385,2026.894,2026.894
396237.961,3988154.471,2026.897,2026.897
396273.069,3988068.208,2026.924,2026.924
396255.324,3988123.408,2026.937,2026.937
396235.327,3988159.142,2026.958,2026.958
396258.408,3988103.731,2026.965,2026.965
396236.620,3988146.863,2026.975,2026.975
396263.794,3988094.715,2026.979,2026.979
396259.429,3988098.392,2027.000,2027.000
396268.997,3988080.069,2027.045,2027.045
396270.731,3988075.297,2027.068,2027.068
396287.225,3988019.837,2027.109,2027.109
396257.219,3988117.960,2027.132,2027.132
396305.711,3988287.615,2027.133,2027.133
396239.049,3988163.224,2027.172,2027.172
396289.725,3988007.164,2027.217,2027.217
396259.712,3988113.615,2027.279,2027.279
396282.831,3988041.117,2027.286,2027.286
396241.631,3988158.300,2027.432,2027.432
396269.155,3988093.151,2027.470,2027.470
396275.461,3988072.994,2027.491,2027.491
396260.861,3988285.685,2027.560,2027.560
396244.127,3988246.923,2027.689,2027.689
396280.376,3988057.652,2027.741,2027.741
396275.014,3988078.022,2027.828,2027.828
396293.573,3987987.533,2027.874,2027.874
396294.623,3988290.062,2027.901,2027.901
396282.233,3988048.596,2027.908,2027.908
396264.703,3988084.717,2027.941,2027.941
396251.587,3988135.246,2027.947,2027.947
396231.630,3988202.509,2027.991,2027.991
396273.580,3988082.988,2028.081,2028.081
396278.495,3988066.065,2028.097,2028.097
396232.910,3988190.326,2028.134,2028.134
396236.603,3988221.213,2028.238,2028.238
396239.836,3988238.063,2028.432,2028.432
396237.226,3988226.621,2028.625,2028.625
396275.882,3988292.038,2028.683,2028.683
396265.943,3988288.232,2028.809,2028.809
396232.261,3988197.440,2028.956,2028.956
396294.112,3987994.007,2029.066,2029.066
396255.318,3988278.136,2029.185,2029.185
396267.199,3988098.597,2029.220,2029.220
396298.857,3988286.028,2029.236,2029.236
396308.993,3988283.296,2029.363,2029.363
396288.483,3988024.694,2029.553,2029.553
396293.151,3988002.669,2029.677,2029.677
396243.512,3988241.714,2029.722,2029.722
396250.341,3988140.225,2030.049,2030.049
396303.270,3988283.224,2030.213,2030.213
396287.813,3988032.325,2030.284,2030.284
396244.692,3988153.669,2030.340,2030.340
396239.699,3988168.574,2030.346,2030.346
396288.930,3988288.739,2030.356,2030.356
396286.562,3988037.347,2030.557,2030.557
396282.213,3988062.323,2030.567,2030.567
396312.777,3988279.483,2030.707,2030.707
396270.837,3988289.416,2030.915,2030.915
396240.522,3988230.727,2030.951,2030.951
396239.097,3988173.946,2031.053,2031.053
396265.941,3988106.056,2031.262,2031.262
396244.079,3988234.486,2031.570,2031.570
396255.321,3988130.848,2031.614,2031.614
396252.193,3988268.111,2031.644,2031.644
396283.484,3988053.646,2031.710,2031.710
396292.688,3988285.137,2031.729,2031.729
396238.486,3988178.994,2031.771,2031.771
396250.378,3988145.225,2032.033,2032.033
396292.814,3988011.489,2032.268,2032.268
396273.445,3988090.578,2032.332,2032.332
396280.322,3988071.019,2032.344,2032.344
396291.746,3988016.996,2032.393,2032.393
396260.335,3988122.289,2032.551,2032.551
396264.738,3988112.582,2032.594,2032.594
396249.163,3988150.193,2032.723,2032.723
396250.356,3988261.764,2032.739,2032.739
396286.564,3988045.221,2032.829,2032.829
396259.740,3988280.758,2032.867,2032.867
396279.695,3988076.108,2033.061,2033.061
396280.759,3988288.836,2033.076,2033.076
396235.993,3988215.105,2033.081,2033.081
396262.818,3988117.847,2033.097,2033.097
396249.068,3988255.196,2033.108,2033.108
396306.534,3988278.900,2033.141,2033.141
396236.715,3988194.090,2033.275,2033.275
396244.187,3988165.384,2033.301,2033.301
396272.197,3988097.765,2033.396,2033.396
396237.882,3988187.179,2033.490,2033.490
396270.363,3988102.505,2033.564,2033.564
396278.450,3988081.669,2033.674,2033.674
396248.916,3988173.119,2033.701,2033.701
396243.873,3988175.769,2033.706,2033.706
396245.960,3988180.595,2033.709,2033.709
396240.983,3988191.412,2033.715,2033.715
396241.441,3988183.462,2033.726,2033.726
396244.230,3988170.743,2033.737,2033.737
396244.678,3988187.301,2033.743,2033.743
396241.323,3988196.591,2033.745,2033.745
396241.495,3988202.970,2033.751,2033.751
396296.911,3988281.332,2033.780,2033.780
396249.244,3988167.695,2033.789,2033.789
396236.485,3988204.709,2033.793,2033.793
396237.175,3988199.651,2033.817,2033.817
396253.817,3988158.260,2033.839,2033.839
396235.621,3988209.729,2033.844,2033.844
396250.408,3988177.996,2033.851,2033.851
396241.275,3988207.991,2033.870,2033.870
396251.432,3988162.860,2033.873,2033.873
396246.583,3988160.312,2033.887,2033.887
396253.802,3988153.160,2033.927,2033.927
396246.093,3988193.329,2033.933,2033.933
396259.705,3988127.682,2033.963,2033.963
396249.404,3988155.777,2033.970,2033.970
396254.622,3988148.192,2033.978,2033.978
396260.624,3988146.244,2034.077,2034.077
396240.417,3988217.828,2034.083,2034.083
396255.151,3988142.864,2034.094,2034.094
396260.975,3988141.208,2034.094,2034.094
396256.565,3988137.839,2034.162,2034.162
396259.863,3988133.980,2034.165,2034.165
396259.737,3988151.203,2034.185,2034.185
396245.353,3988199.563,2034.222,2034.222
396263.897,3988130.617,2034.233,2034.233
396267.643,3988120.273,2034.247,2034.247
396264.975,3988124.937,2034.259,2034.259
396253.528,3988170.330,2034.263,2034.263
396269.011,3988115.423,2034.311,2034.311
396264.151,3988137.121,2034.332,2034.332
396274.100,3988112.892,2034.345,2034.345
396277.260,3988086.678,2034.349,2034.349
396273.830,3988106.666,2034.361,2034.361
396269.653,3988109.922,2034.372,2034.372
396287.348,3988050.183,2034.377,2034.377
396276.250,3988101.727,2034.437,2034.437
396301.478,3988278.134,2034.468,2034.468
396242.235,3988212.959,2034.470,2034.470
396279.882,3988098.280,2034.487,2034.487
396280.185,3988090.818,2034.504,2034.504
396276.348,3988094.694,2034.514,2034.514
396268.455,3988128.533,2034.589,2034.589
396241.591,3988223.089,2034.611,2034.611
396284.080,3988067.272,2034.714,2034.714
396285.943,3988058.485,2034.740,2034.740
396273.460,3988117.997,2034.748,2034.748
396283.136,3988083.551,2034.751,2034.751
396249.696,3988184.081,2034.790,2034.790
396285.212,3988078.930,2034.813,2034.813
396284.905,3988088.339,2034.829,2034.829
396285.055,3988073.916,2034.945,2034.945
396255.978,3988165.843,2034.977,2034.977
396288.663,3988070.298,2035.047,2035.047
396287.713,3988063.464,2035.107,2035.107
396292.257,3988066.243,2035.122,2035.122
396279.836,3988105.554,2035.176,2035.176
396291.610,3988059.382,2035.196,2035.196
396289.912,3988054.581,2035.199,2035.199
396271.591,3988124.105,2035.295,2035.295
396294.088,3988051.288,2035.322,2035.322
396290.408,3988075.481,2035.339,2035.339
396291.536,3988046.761,2035.526,2035.526
396259.777,3988156.437,2035.598,2035.598
396297.191,3988046.692,2035.629,2035.629
396309.758,3988275.076,2035.682,2035.682
396250.446,3988189.880,2035.780,2035.780
396284.753,3988094.378,2035.814,2035.814
396255.996,3988271.934,2035.835,2035.835
396284.441,3988285.068,2035.951,2035.951
396247.949,3988238.257,2036.162,2036.162
396278.497,3988110.418,2036.197,2036.197
396288.456,3988084.799,2036.242,2036.242
396258.440,3988161.426,2036.252,2036.252
396245.962,3988205.831,2036.376,2036.376
396296.569,3988056.177,2036.556,2036.556
396288.325,3988281.867,2036.568,2036.568
396268.445,3988133.940,2036.570,2036.570
396244.687,3988227.047,2036.745,2036.745
396252.188,3988247.402,2036.807,2036.807
396265.226,3988283.107,2037.119,2037.119
396250.949,3988242.544,2037.185,2037.185
396295.965,3988062.788,2037.214,2037.214
396294.063,3988071.182,2037.548,2037.548
396254.792,3988175.179,2037.613,2037.613
396304.646,3988273.820,2037.682,2037.682
396275.965,3988286.980,2038.097,2038.097
396299.075,3988051.689,2038.211,2038.211
396253.639,3988252.723,2038.272,2038.272
396253.594,3988257.753,2038.327,2038.327
396265.319,3988143.967,2038.330,2038.330
396292.519,3988278.895,2038.516,2038.516
396291.744,3988080.415,2039.127,2039.127
396270.938,3988284.402,2039.278,2039.278
396255.324,3988263.804,2039.712,2039.712
396284.101,3988102.464,2039.762,2039.762
396259.687,3988275.561,2039.865,2039.865
396248.847,3988230.958,2039.921,2039.921
396257.942,3988190.835,2039.959,2039.959
396249.351,3988223.578,2039.977,2039.977
396265.382,3988149.056,2039.980,2039.980
396254.084,3988200.081,2039.986,2039.986
396253.915,3988193.907,2039.986,2039.986
396253.276,3988205.956,2040.004,2040.004
396258.443,3988196.145,2040.006,2040.006
396255.022,3988186.617,2040.011,2040.011
396259.217,3988183.859,2040.029,2040.029
396249.662,3988202.444,2040.037,2040.037
396245.823,3988219.823,2040.037,2040.037
396249.105,3988209.867,2040.039,2040.039
396259.064,3988178.087,2040.044,2040.044
396247.521,3988214.864,2040.074,2040.074
396268.394,3988158.256,2040.100,2040.100
396254.350,3988181.164,2040.138,2040.138
396296.709,3988276.132,2040.143,2040.143
396258.808,3988170.760,2040.163,2040.163
396262.895,3988173.972,2040.169,2040.169
396270.080,3988151.612,2040.177,2040.177
396266.364,3988164.420,2040.185,2040.185
396261.362,3988166.029,2040.193,2040.193
396263.412,3988159.891,2040.199,2040.199
396251.313,3988218.745,2040.207,2040.207
396266.132,3988169.618,2040.222,2040.222
396265.057,3988154.171,2040.246,2040.246
396269.752,3988146.408,2040.249,2040.249
396252.978,3988213.761,2040.253,2040.253
396249.978,3988197.009,2040.288,2040.288
396268.867,3988139.652,2040.377,2040.377
396273.025,3988142.586,2040.412,2040.412
396278.496,3988116.700,2040.436,2040.436
396273.182,3988136.890,2040.448,2040.448
396256.593,3988209.735,2040.453,2040.453
396273.724,3988131.302,2040.496,2040.496
396276.404,3988126.927,2040.516,2040.516
396277.831,3988134.444,2040.569,2040.569
396282.811,3988113.514,2040.613,2040.613
396282.539,3988119.878,2040.623,2040.623
396288.461,3988105.361,2040.624,2040.624
396284.671,3988108.738,2040.633,2040.633
396263.518,3988181.019,2040.650,2040.650
396276.958,3988121.934,2040.666,2040.666
396280.476,3988130.175,2040.723,2040.723
396282.594,3988124.965,2040.744,2040.744
396291.784,3988095.582,2040.749,2040.749
396287.867,3988098.945,2040.759,2040.759
396252.843,3988227.506,2040.830,2040.830
396289.082,3988091.248,2040.845,2040.845
396296.139,3988083.712,2040.879,2040.879
396292.200,3988101.986,2040.881,2040.881
396292.786,3988087.659,2040.896,2040.896
396296.036,3988092.074,2040.959,2040.959
396299.394,3988073.689,2041.042,2041.042
396299.782,3988079.819,2041.085,2041.085
396295.434,3988076.875,2041.156,2041.156
396277.863,3988139.912,2041.175,2041.175
396303.125,3988064.611,2041.178,2041.178
396306.000,3988060.043,2041.204,2041.204
396297.761,3988067.589,2041.210,2041.210
396283.215,3988280.136,2041.235,2041.235
396286.628,3988116.949,2041.251,2041.251
396300.204,3988060.081,2041.269,2041.269
396302.540,3988069.782,2041.277,2041.277
396302.472,3988055.593,2041.281,2041.281
396308.565,3988047.103,2041.325,2041.325
396305.393,3988051.520,2041.349,2041.349
396303.183,3988047.003,2041.367,2041.367
396258.498,3988204.063,2041.407,2041.407
396289.807,3988110.421,2041.547,2041.547
396252.191,3988234.812,2041.565,2041.565
396306.443,3988268.908,2041.703,2041.703
396308.556,3988055.578,2041.784,2041.784
396274.738,3988149.602,2042.112,2042.112
396262.840,3988187.592,2042.118,2042.118
396272.825,3988155.859,2042.350,2042.350
396299.803,3988088.188,2042.534,2042.534
396271.073,3988162.709,2042.614,2042.614
396295.959,3988098.631,2042.680,2042.680
396294.298,3988106.887,2042.696,2042.696
396295.658,3988111.808,2042.702,2042.702
396278.729,3988282.602,2042.704,2042.704
396288.599,3988121.549,2042.713,2042.713
396282.261,3988137.166,2042.724,2042.724
396291.605,3988115.171,2042.727,2042.727
396285.413,3988132.484,2042.768,2042.768
396300.237,3988095.450,2042.780,2042.780
396281.930,3988142.955,2042.793,2042.793
396302.855,3988083.982,2042.803,2042.803
396297.836,3988103.342,2042.816,2042.816
396277.396,3988145.253,2042.883,2042.883
396287.201,3988127.436,2042.890,2042.890
396303.874,3988076.908,2042.896,2042.896
396306.817,3988072.719,2042.899,2042.899
396281.032,3988148.727,2042.920,2042.920
396308.132,3988066.535,2042.926,2042.926
396308.058,3988081.046,2042.935,2042.935
396311.360,3988070.432,2042.964,2042.964
396313.514,3988056.601,2042.989,2042.989
396267.241,3988177.093,2042.994,2042.994
396292.063,3988125.206,2043.009,2043.009
396277.766,3988153.789,2043.012,2043.012
396255.395,3988222.563,2043.021,2043.021
396294.104,3988119.895,2043.036,2043.036
396286.615,3988140.845,2043.046,2043.046
396311.443,3988051.257,2043.048,2043.048
396276.231,3988159.848,2043.067,2043.067
396299.423,3988271.420,2043.067,2043.067
396304.183,3988091.725,2043.067,2043.067
396287.200,3988276.408,2043.076,2043.076
396270.899,3988167.783,2043.100,2043.100
396270.609,3988173.317,2043.120,2043.120
396275.434,3988165.230,2043.121,2043.121
396310.991,3988061.428,2043.137,2043.137
396275.631,3988170.877,2043.143,2043.143
396274.633,3988176.699,2043.154,2043.154
396315.688,3988047.641,2043.154,2043.154
396290.314,3988131.349,2043.187,2043.187
396271.506,3988180.749,2043.193,2043.193
396267.662,3988184.568,2043.198,2043.198
396306.665,3988087.314,2043.237,2043.237
396262.823,3988193.386,2043.259,2043.259
396262.060,3988200.460,2043.265,2043.265
396310.328,3988076.586,2043.275,2043.275
396262.119,3988208.622,2043.287,2043.287
396267.554,3988190.650,2043.291,2043.291
396260.050,3988213.492,2043.295,2043.295
396272.097,3988188.303,2043.306,2043.306
396258.888,3988226.579,2043.322,2043.322
396280.989,3988157.723,2043.322,2043.322
396313.450,3988065.839,2043.328,2043.328
396257.309,3988217.718,2043.333,2043.333
396266.617,3988197.401,2043.374,2043.374
396270.997,3988194.423,2043.416,2043.416
396302.832,3988099.857,2043.420,2043.420
396265.624,3988205.049,2043.448,2043.448
396266.084,3988212.317,2043.475,2043.475
396264.051,3988217.453,2043.511,2043.511
396269.686,3988201.615,2043.518,2043.518
396260.048,3988235.812,2043.519,2043.519
396256.461,3988231.205,2043.525,2043.525
396280.379,3988162.776,2043.534,2043.534
396255.973,3988239.246,2043.569,2043.569
396264.162,3988277.807,2043.619,2043.619
396289.083,3988136.471,2043.640,2043.640
396259.596,3988255.130,2043.684,2043.684
396261.409,3988221.999,2043.702,2043.702
396257.758,3988249.713,2043.707,2043.707
396260.679,3988241.311,2043.709,2043.709
396261.769,3988246.208,2043.712,2043.712
396258.905,3988260.189,2043.757,2043.757
396262.804,3988251.167,2043.759,2043.759
396259.091,3988267.554,2043.760,2043.760
396262.257,3988231.151,2043.767,2043.767
396256.602,3988244.696,2043.803,2043.803
396264.837,3988226.289,2043.888,2043.888
396267.316,3988248.997,2043.900,2043.900
396264.049,3988257.816,2043.911,2043.911
396265.872,3988238.867,2043.923,2043.923
396266.719,3988243.958,2043.927,2043.927
396267.660,3988254.127,2043.929,2043.929
396291.552,3988273.217,2043.953,2043.953
396300.317,3988107.982,2043.957,2043.957
396284.089,3988153.222,2044.062,2044.062
396262.547,3988263.878,2044.098,2044.098
396262.989,3988271.343,2044.125,2044.125
396267.455,3988273.689,2044.132,2044.132
396266.947,3988267.655,2044.139,2044.139
396286.090,3988146.433,2044.141,2044.141
396272.211,3988275.325,2044.190,2044.190
396269.121,3988279.487,2044.190,2044.190
396305.148,3988263.533,2044.207,2044.207
396271.603,3988264.486,2044.249,2044.249
396317.270,3988052.604,2044.258,2044.258
396267.353,3988261.827,2044.276,2044.276
396271.014,3988258.272,2044.281,2044.281
396271.608,3988269.837,2044.323,2044.323
396282.650,3988273.612,2044.362,2044.362
396301.017,3988266.553,2044.401,2044.401
396276.081,3988266.871,2044.406,2044.406
396287.057,3988270.009,2044.408,2044.408
396277.424,3988272.259,2044.439,2044.439
396278.959,3988277.227,2044.493,2044.493
396295.016,3988268.743,2044.498,2044.498
396279.691,3988167.905,2044.499,2044.499
396280.980,3988268.614,2044.548,2044.548
396316.007,3988061.061,2044.653,2044.653
396269.750,3988208.541,2044.666,2044.666
396274.135,3988280.313,2044.682,2044.682
396267.811,3988221.606,2044.711,2044.711
396266.566,3988233.895,2044.775,2044.775
396275.358,3988184.264,2044.825,2044.825
396298.494,3988116.039,2045.297,2045.297
396304.142,3988104.733,2045.739,2045.739
396295.375,3988129.499,2045.798,2045.798
396290.528,3988266.316,2046.200,2046.200
396269.738,3988216.488,2046.613,2046.613
396306.572,3988096.334,2047.212,2047.212
396321.086,3988048.986,2047.325,2047.325
396279.704,3988174.157,2047.357,2047.357
396275.967,3988191.472,2047.907,2047.907
396279.103,3988179.751,2048.238,2048.238
396296.102,3988263.853,2048.267,2048.267
396311.570,3988085.161,2048.267,2048.267
396275.439,3988260.734,2048.268,2048.268
396314.772,3988074.197,2048.443,2048.443
396274.167,3988198.310,2048.467,2048.467
396269.062,3988229.448,2048.580,2048.580
396272.209,3988251.403,2048.639,2048.639
396273.475,3988205.186,2049.297,2049.297
396285.470,3988265.073,2049.457,2049.457
396300.988,3988260.566,2049.540,2049.540
396299.102,3988121.734,2049.676,2049.676
396294.150,3988134.565,2049.830,2049.830
396314.410,3988080.773,2049.862,2049.862
396271.562,3988246.337,2049.871,2049.871
396302.819,3988112.471,2049.887,2049.887
396317.226,3988069.541,2049.905,2049.905
396290.950,3988143.971,2050.053,2050.053
396316.743,3988094.180,2050.079,2050.079
396315.008,3988089.468,2050.156,2050.156
396313.740,3988098.359,2050.184,2050.184
396317.811,3988084.879,2050.194,2050.194
396303.287,3988118.812,2050.246,2050.246
396319.710,3988064.605,2050.254,2050.254
396272.831,3988212.519,2050.256,2050.256
396305.523,3988123.300,2050.258,2050.258
396315.355,3988103.187,2050.259,2050.259
396311.559,3988093.781,2050.272,2050.272
396312.019,3988112.362,2050.305,2050.305
396300.893,3988126.576,2050.306,2050.306
396307.685,3988109.568,2050.313,2050.313
396270.974,3988241.104,2050.318,2050.318
396300.856,3988131.867,2050.323,2050.323
396307.247,3988115.269,2050.324,2050.324
396305.434,3988128.831,2050.329,2050.329
396308.588,3988100.991,2050.354,2050.354
396315.423,3988108.425,2050.368,2050.368
396314.656,3988116.728,2050.392,2050.392
396310.224,3988126.212,2050.413,2050.413
396310.839,3988105.542,2050.415,2050.415
396309.695,3988120.185,2050.430,2050.430
396307.883,3988133.213,2050.493,2050.493
396293.443,3988139.603,2050.539,2050.539
396303.249,3988136.450,2050.546,2050.546
396312.950,3988130.619,2050.558,2050.558
396289.093,3988150.860,2050.589,2050.589
396285.956,3988161.470,2050.594,2050.594
396280.311,3988263.161,2050.608,2050.608
396298.365,3988138.265,2050.612,2050.612
396294.127,3988148.068,2050.730,2050.730
396284.753,3988166.522,2050.746,2050.746
396302.238,3988141.509,2050.773,2050.773
396297.058,3988143.359,2050.775,2050.775
396297.857,3988151.897,2050.798,2050.798
396293.372,3988154.305,2050.800,2050.800
396307.207,3988139.725,2050.810,2050.810
396312.189,3988136.034,2050.873,2050.873
396297.327,3988158.168,2050.873,2050.873
396287.821,3988156.739,2050.879,2050.879
396292.127,3988159.548,2050.891,2050.891
396300.633,3988147.105,2050.900,2050.900
396301.880,3988155.251,2050.936,2050.936
396301.602,3988161.345,2050.948,2050.948
396290.419,3988164.760,2050.988,2050.988
396295.794,3988163.509,2051.017,2051.017
396306.083,3988145.082,2051.032,2051.032
396284.710,3988171.763,2051.042,2051.042
396289.420,3988169.812,2051.062,2051.062
396304.291,3988150.672,2051.075,2051.075
396293.849,3988172.652,2051.095,2051.095
396297.000,3988168.431,2051.109,2051.109
396275.391,3988255.622,2051.162,2051.162
396284.131,3988177.509,2051.176,2051.176
396301.583,3988166.372,2051.198,2051.198
396288.722,3988175.304,2051.203,2051.203
396287.926,3988180.865,2051.253,2051.253
396291.190,3988184.979,2051.268,2051.268
396286.709,3988187.539,2051.287,2051.287
396293.318,3988178.167,2051.288,2051.288
396280.120,3988187.549,2051.290,2051.290
396294.334,3988189.224,2051.298,2051.298
396285.619,3988195.994,2051.306,2051.306
396282.912,3988183.257,2051.322,2051.322
396289.788,3988192.192,2051.351,2051.351
396279.691,3988195.505,2051.365,2051.365
396283.388,3988191.343,2051.384,2051.384
396277.666,3988202.372,2051.395,2051.395
396282.402,3988200.084,2051.396,2051.396
396296.015,3988183.080,2051.404,2051.404
396286.186,3988203.359,2051.407,2051.407
396274.055,3988219.659,2051.409,2051.409
396279.911,3988253.135,2051.409,2051.409
396281.073,3988258.066,2051.414,2051.414
396279.061,3988233.640,2051.418,2051.418
396289.496,3988199.577,2051.418,2051.418
396283.633,3988230.744,2051.431,2051.431
396280.929,3988244.933,2051.439,2051.439
396300.763,3988255.339,2051.440,2051.440
396281.260,3988211.853,2051.445,2051.445
396277.116,3988248.730,2051.445,2051.445
396272.610,3988236.212,2051.446,2051.446
396282.822,3988225.809,2051.449,2051.449
396278.094,3988228.230,2051.453,2051.453
396285.567,3988254.703,2051.461,2051.461
396281.532,3988206.068,2051.464,2051.464
396274.049,3988231.388,2051.470,2051.470
396285.051,3988241.733,2051.470,2051.470
396291.766,3988255.997,2051.474,2051.474
396276.638,3988209.123,2051.477,2051.477
396282.022,3988218.923,2051.478,2051.478
396287.874,3988246.393,2051.479,2051.479
396289.926,3988251.216,2051.480,2051.480
396291.333,3988261.252,2051.491,2051.491
396275.925,3988243.762,2051.491,2051.491
396278.502,3988223.066,2051.492,2051.492
396277.760,3988215.881,2051.494,2051.494
396273.514,3988225.528,2051.497,2051.497
396285.834,3988208.765,2051.497,2051.497
396283.924,3988249.490,2051.501,2051.501
396277.396,3988238.849,2051.503,2051.503
396283.004,3988236.883,2051.508,2051.508
396296.484,3988258.275,2051.510,2051.510
396286.560,3988259.640,2051.514,2051.514
396297.905,3988175.853,2051.530,2051.530
396295.140,3988247.910,2051.543,2051.543
396285.629,3988215.367,2051.557,2051.557
396295.941,3988253.077,2051.564,2051.564
396287.073,3988222.334,2051.587,2051.587
396288.447,3988227.509,2051.596,2051.596
396289.854,3988238.332,2051.627,2051.627
396287.551,3988233.863,2051.658,2051.658
396292.709,3988243.356,2051.710,2051.710
396294.107,3988196.061,2051.718,2051.718
396290.325,3988206.520,2051.733,2051.733
396311.570,3988142.303,2051.743,2051.743
396289.741,3988211.979,2051.778,2051.778
396300.643,3988250.144,2052.074,2052.074
396301.606,3988171.829,2052.255,2052.255
396292.205,3988231.142,2052.623,2052.623
396292.188,3988224.177,2052.888,2052.888
396290.325,3988218.117,2052.939,2052.939
396309.686,3988149.057,2052.943,2052.943
396294.074,3988202.703,2053.165,2053.165
396308.467,3988153.938,2053.724,2053.724
396300.311,3988180.282,2053.764,2053.764
396294.699,3988235.991,2053.812,2053.812
396299.483,3988245.226,2054.281,2054.281
396297.032,3988240.731,2054.323,2054.323
396300.513,3988236.919,2054.431,2054.431
396294.237,3988214.506,2054.547,2054.547
396294.712,3988209.485,2054.897,2054.897
396295.981,3988220.452,2055.669,2055.669
396305.984,3988163.964,2055.854,2055.854
396297.962,3988199.430,2056.098,2056.098
396296.300,3988227.460,2056.186,2056.186
396302.959,3988196.520,2056.230,2056.230
396305.869,3988169.077,2056.241,2056.241
396304.126,3988184.160,2056.252,2056.252
396299.052,3988206.173,2056.254,2056.254
396304.724,3988175.849,2056.265,2056.265
396303.756,3988189.658,2056.266,2056.266
396298.944,3988216.257,2056.269,2056.269
396298.825,3988193.187,2056.271,2056.271
396300.269,3988211.321,2056.292,2056.292
396299.301,3988187.219,2056.359,2056.359
396300.410,3988223.298,2056.388,2056.388
396302.404,3988198.244,2056.513,2056.513
